3/13/2020,Afghanistan,0,0,7,0
3/14/2020,Afghanistan,0,0,7,0
3/15/2020,Afghanistan,3,0,10,0
3/16/2020,Afghanistan,6,0,16,0
3/17/2020,Afghanistan,5,0,21,0
3/9/2020,Albania,0,0,2,0
3/10/2020,Albania,0,0,2,0
3/11/2020,Albania,8,0,10,0
3/12/2020,Albania,0,0,10,0
3/13/2020,Albania,13,0,23,0
3/14/2020,Albania,10,0,33,1
3/15/2020,Albania,5,0,38,1
3/16/2020,Albania,4,0,42,1
3/17/2020,Albania,9,0,51,1
2/26/2020,Algeria,0,0,1,0
2/27/2020,Algeria,0,0,1,0
2/28/2020,Algeria,0,0,1,0
2/29/2020,Algeria,0,0,1,0
3/1/2020,Algeria,0,0,1,0
3/3/2020,Algeria,4,0,5,0
3/4/2020,Algeria,0,0,5,0
3/5/2020,Algeria,7,0,12,0
3/6/2020,Algeria,0,0,12,0
3/7/2020,Algeria,5,0,17,0
3/8/2020,Algeria,0,0,17,0
3/9/2020,Algeria,3,0,20,0
3/10/2020,Algeria,0,0,20,0
3/11/2020,Algeria,0,0,20,0
3/12/2020,Algeria,5,0,25,1
3/13/2020,Algeria,0,0,25,1
3/14/2020,Algeria,1,1,26,2
3/15/2020,Algeria,11,1,37,3
3/16/2020,Algeria,12,0,49,3
3/17/2020,Algeria,11,1,60,4
3/3/2020,Andorra,0,0,1,0
3/4/2020,Andorra,0,0,1,0
3/5/2020,Andorra,0,0,1,0
3/6/2020,Andorra,0,0,1,0
3/7/2020,Andorra,0,0,1,0
3/8/2020,Andorra,0,0,1,0
3/9/2020,Andorra,0,0,1,0
3/10/2020,Andorra,0,0,1,0
3/11/2020,Andorra,0,0,1,0
3/12/2020,Andorra,0,0,1,0
3/13/2020,Andorra,0,0,1,0
3/14/2020,Andorra,1,0,2,0
3/15/2020,Andorra,0,0,2,0
3/16/2020,Andorra,0,0,2,0
3/17/2020,Andorra,12,0,14,0
3/14/2020,Antigua and Barbuda,0,0,1,0
3/15/2020,Antigua and Barbuda,0,0,1,0
3/16/2020,Antigua and Barbuda,0,0,1,0
3/17/2020,Antigua and Barbuda,0,0,1,0
3/4/2020,Argentina,0,0,1,0
3/5/2020,Argentina,0,0,1,0
3/6/2020,Argentina,0,0,1,0
3/7/2020,Argentina,1,0,2,0
3/8/2020,Argentina,7,0,9,1
3/9/2020,Argentina,3,0,12,1
3/10/2020,Argentina,0,0,12,1
3/11/2020,Argentina,5,0,17,1
3/12/2020,Argentina,2,0,19,1
3/13/2020,Argentina,12,0,31,1
3/14/2020,Argentina,3,1,34,2
3/15/2020,Argentina,11,0,45,2
3/16/2020,Argentina,11,0,56,2
3/17/2020,Argentina,9,0,65,2
3/2/2020,Armenia,0,0,1,0
3/3/2020,Armenia,0,0,1,0
3/4/2020,Armenia,0,0,1,0
3/5/2020,Armenia,0,0,1,0
3/6/2020,Armenia,0,0,1,0
3/7/2020,Armenia,0,0,1,0
3/8/2020,Armenia,0,0,1,0
3/9/2020,Armenia,0,0,1,0
3/10/2020,Armenia,0,0,1,0
3/11/2020,Armenia,0,0,1,0
3/12/2020,Armenia,0,0,1,0
3/13/2020,Armenia,0,0,1,0
3/14/2020,Armenia,7,0,8,0
3/15/2020,Armenia,0,0,8,0
3/16/2020,Armenia,18,0,26,0
3/17/2020,Armenia,26,0,52,0
3/17/2020,Aruba,0,0,2,0
1/25/2020,Australia,0,0,3,0
1/26/2020,Australia,1,0,4,0
1/27/2020,Australia,0,0,4,0
1/28/2020,Australia,1,0,5,0
1/29/2020,Australia,2,0,7,0
1/30/2020,Australia,0,0,7,0
1/31/2020,Australia,2,0,9,0
2/1/2020,Australia,3,0,12,0
2/2/2020,Australia,0,0,12,0
2/3/2020,Australia,0,0,12,0
2/4/2020,Australia,0,0,12,0
2/5/2020,Australia,1,0,13,0
2/6/2020,Australia,1,0,14,0
2/7/2020,Australia,1,0,15,0
2/8/2020,Australia,0,0,15,0
2/9/2020,Australia,0,0,15,0
2/10/2020,Australia,0,0,15,0
2/11/2020,Australia,0,0,15,0
2/12/2020,Australia,0,0,15,0
2/13/2020,Australia,0,0,15,0
2/14/2020,Australia,0,0,15,0
2/15/2020,Australia,0,0,15,0
2/16/2020,Australia,0,0,15,0
2/17/2020,Australia,0,0,15,0
2/18/2020,Australia,0,0,15,0
2/19/2020,Australia,0,0,15,0
2/20/2020,Australia,0,0,15,0
2/21/2020,Australia,2,0,17,0
2/22/2020,Australia,4,0,21,0
2/23/2020,Australia,1,0,22,0
2/24/2020,Australia,0,0,22,0
2/25/2020,Australia,0,0,22,0
2/26/2020,Australia,1,0,23,0
2/27/2020,Australia,0,0,23,0
2/28/2020,Australia,0,0,23,0
2/29/2020,Australia,1,0,24,0
3/1/2020,Australia,1,0,25,0
3/2/2020,Australia,2,0,27,1
3/3/2020,Australia,6,0,33,1
3/4/2020,Australia,10,0,43,1
3/5/2020,Australia,14,0,57,1
3/6/2020,Australia,0,1,57,2
3/7/2020,Australia,5,0,62,2
3/8/2020,Australia,12,1,74,3
3/9/2020,Australia,3,0,77,3
3/10/2020,Australia,15,0,92,3
3/11/2020,Australia,20,0,112,3
3/12/2020,Australia,10,0,122,3
3/13/2020,Australia,18,0,140,3
3/14/2020,Australia,57,0,197,3
3/15/2020,Australia,52,0,249,3
3/16/2020,Australia,49,2,298,5
3/17/2020,Australia,77,0,375,5
2/26/2020,Austria,0,0,2,0
2/27/2020,Austria,0,0,2,0
2/28/2020,Austria,2,0,4,0
2/29/2020,Austria,1,0,5,0
3/1/2020,Austria,5,0,10,0
3/2/2020,Austria,0,0,10,0
3/3/2020,Austria,8,0,18,0
3/4/2020,Austria,6,0,24,0
3/5/2020,Austria,13,0,37,0
3/6/2020,Austria,10,0,47,0
3/7/2020,Austria,19,0,66,0
3/8/2020,Austria,38,0,104,0
3/9/2020,Austria,8,0,112,0
3/10/2020,Austria,19,0,131,0
3/11/2020,Austria,51,0,182,0
3/12/2020,Austria,120,0,302,0
3/13/2020,Austria,59,0,361,1
3/14/2020,Austria,143,0,504,1
3/15/2020,Austria,296,0,800,1
3/16/2020,Austria,159,0,959,1
3/17/2020,Austria,173,2,1132,3
3/1/2020,Azerbaijan,0,0,3,0
3/2/2020,Azerbaijan,0,0,3,0
3/3/2020,Azerbaijan,0,0,3,0
3/4/2020,Azerbaijan,0,0,3,0
3/5/2020,Azerbaijan,0,0,3,0
3/6/2020,Azerbaijan,0,0,3,0
3/7/2020,Azerbaijan,6,0,9,0
3/8/2020,Azerbaijan,0,0,9,0
3/9/2020,Azerbaijan,0,0,9,0
3/10/2020,Azerbaijan,0,0,9,0
3/11/2020,Azerbaijan,0,0,9,0
3/12/2020,Azerbaijan,0,0,9,0
3/13/2020,Azerbaijan,2,0,11,0
3/14/2020,Azerbaijan,0,0,11,0
3/15/2020,Azerbaijan,8,0,19,0
3/16/2020,Azerbaijan,0,0,19,0
3/17/2020,Azerbaijan,0,0,19,0
3/17/2020,Bahamas,0,0,1,0
2/25/2020,Bahrain,0,0,8,0
2/26/2020,Bahrain,18,0,26,0
2/27/2020,Bahrain,7,0,33,0
2/28/2020,Bahrain,0,0,33,0
2/29/2020,Bahrain,5,0,38,0
3/1/2020,Bahrain,2,0,40,0
3/2/2020,Bahrain,7,0,47,0
3/3/2020,Bahrain,2,0,49,0
3/4/2020,Bahrain,0,0,49,0
3/5/2020,Bahrain,0,0,49,0
3/6/2020,Bahrain,0,0,49,0
3/7/2020,Bahrain,0,0,49,0
3/8/2020,Bahrain,7,0,56,0
3/9/2020,Bahrain,23,0,79,0
3/10/2020,Bahrain,30,0,109,0
3/11/2020,Bahrain,1,0,110,0
3/12/2020,Bahrain,79,0,189,0
3/13/2020,Bahrain,6,0,195,0
3/14/2020,Bahrain,15,0,210,0
3/15/2020,Bahrain,1,0,211,0
3/16/2020,Bahrain,10,0,221,1
3/17/2020,Bahrain,8,0,229,1
3/9/2020,Bangladesh,0,0,3,0
3/10/2020,Bangladesh,0,0,3,0
3/11/2020,Bangladesh,0,0,3,0
3/12/2020,Bangladesh,0,0,3,0
3/13/2020,Bangladesh,0,0,3,0
3/14/2020,Bangladesh,0,0,3,0
3/15/2020,Bangladesh,0,0,3,0
3/16/2020,Bangladesh,2,0,5,0
3/17/2020,Bangladesh,3,0,8,0
2/28/2020,Belarus,0,0,1,0
2/29/2020,Belarus,0,0,1,0
3/1/2020,Belarus,0,0,1,0
3/2/2020,Belarus,0,0,1,0
3/3/2020,Belarus,0,0,1,0
3/4/2020,Belarus,0,0,1,0
3/5/2020,Belarus,5,0,6,0
3/6/2020,Belarus,0,0,6,0
3/7/2020,Belarus,0,0,6,0
3/8/2020,Belarus,0,0,6,0
3/9/2020,Belarus,0,0,6,0
3/10/2020,Belarus,0,0,6,0
3/11/2020,Belarus,3,0,9,0
3/12/2020,Belarus,3,0,12,0
3/13/2020,Belarus,0,0,12,0
3/14/2020,Belarus,9,0,21,0
3/15/2020,Belarus,0,0,21,0
3/16/2020,Belarus,15,0,36,0
3/17/2020,Belarus,0,0,36,0
2/5/2020,Belgium,0,0,1,0
2/6/2020,Belgium,0,0,1,0
2/7/2020,Belgium,0,0,1,0
2/8/2020,Belgium,0,0,1,0
2/9/2020,Belgium,0,0,1,0
2/10/2020,Belgium,0,0,1,0
2/11/2020,Belgium,0,0,1,0
2/12/2020,Belgium,0,0,1,0
2/13/2020,Belgium,0,0,1,0
2/14/2020,Belgium,0,0,1,0
2/15/2020,Belgium,0,0,1,0
2/16/2020,Belgium,0,0,1,0
2/17/2020,Belgium,0,0,1,0
2/18/2020,Belgium,0,0,1,0
2/19/2020,Belgium,0,0,1,0
2/20/2020,Belgium,0,0,1,0
2/21/2020,Belgium,0,0,1,0
2/22/2020,Belgium,0,0,1,0
2/23/2020,Belgium,0,0,1,0
2/24/2020,Belgium,0,0,1,0
2/25/2020,Belgium,0,0,1,0
2/26/2020,Belgium,0,0,1,0
2/27/2020,Belgium,0,0,1,0
2/28/2020,Belgium,0,0,1,0
2/29/2020,Belgium,0,0,1,0
3/1/2020,Belgium,0,0,1,0
3/2/2020,Belgium,0,0,1,0
3/3/2020,Belgium,7,0,8,0
3/4/2020,Belgium,0,0,8,0
3/5/2020,Belgium,15,0,23,0
3/6/2020,Belgium,27,0,50,0
3/7/2020,Belgium,59,0,109,0
3/8/2020,Belgium,60,0,169,0
3/9/2020,Belgium,31,0,200,0
3/10/2020,Belgium,39,0,239,0
3/11/2020,Belgium,28,0,267,0
3/12/2020,Belgium,47,0,314,0
3/13/2020,Belgium,0,0,314,0
3/14/2020,Belgium,285,0,599,0
3/15/2020,Belgium,90,0,689,0
3/16/2020,Belgium,396,0,1085,5
3/17/2020,Belgium,0,0,1085,5
3/17/2020,Benin,0,0,1,0
3/6/2020,Bhutan,0,0,1,0
3/7/2020,Bhutan,0,0,1,0
3/8/2020,Bhutan,0,0,1,0
3/9/2020,Bhutan,0,0,1,0
3/10/2020,Bhutan,0,0,1,0
3/11/2020,Bhutan,0,0,1,0
3/12/2020,Bhutan,0,0,1,0
3/13/2020,Bhutan,0,0,1,0
3/14/2020,Bhutan,0,0,1,0
3/15/2020,Bhutan,0,0,1,0
3/16/2020,Bhutan,0,0,1,0
3/17/2020,Bhutan,0,0,1,0
3/11/2020,Bolivia,0,0,2,0
3/12/2020,Bolivia,0,0,2,0
3/13/2020,Bolivia,1,0,3,0
3/14/2020,Bolivia,0,0,3,0
3/15/2020,Bolivia,0,0,3,0
3/16/2020,Bolivia,8,0,11,0
3/17/2020,Bolivia,0,0,11,0
3/5/2020,Bosnia and Herzegovina,0,0,2,0
3/6/2020,Bosnia and Herzegovina,0,0,2,0
3/7/2020,Bosnia and Herzegovina,0,0,2,0
3/8/2020,Bosnia and Herzegovina,0,0,2,0
3/9/2020,Bosnia and Herzegovina,0,0,2,0
3/10/2020,Bosnia and Herzegovina,0,0,2,0
3/11/2020,Bosnia and Herzegovina,2,0,4,0
3/12/2020,Bosnia and Herzegovina,0,0,4,0
3/13/2020,Bosnia and Herzegovina,0,0,4,0
3/14/2020,Bosnia and Herzegovina,7,0,11,0
3/15/2020,Bosnia and Herzegovina,7,0,18,0
3/16/2020,Bosnia and Herzegovina,0,0,18,0
3/17/2020,Bosnia and Herzegovina,1,0,19,0
2/27/2020,Brazil,0,0,1,0
2/28/2020,Brazil,0,0,1,0
2/29/2020,Brazil,0,0,1,0
3/1/2020,Brazil,1,0,2,0
3/2/2020,Brazil,0,0,2,0
3/3/2020,Brazil,0,0,2,0
3/4/2020,Brazil,0,0,2,0
3/5/2020,Brazil,1,0,3,0
3/6/2020,Brazil,4,0,7,0
3/7/2020,Brazil,6,0,13,0
3/8/2020,Brazil,6,0,19,0
3/9/2020,Brazil,6,0,25,0
3/10/2020,Brazil,0,0,25,0
3/11/2020,Brazil,9,0,34,0
3/12/2020,Brazil,18,0,52,0
3/13/2020,Brazil,25,0,77,0
3/14/2020,Brazil,21,0,98,0
3/15/2020,Brazil,23,0,121,0
3/16/2020,Brazil,79,0,200,0
3/17/2020,Brazil,34,0,234,0
3/10/2020,Brunei,0,0,1,0
3/11/2020,Brunei,0,0,1,0
3/12/2020,Brunei,11,0,12,0
3/13/2020,Brunei,0,0,12,0
3/14/2020,Brunei,13,0,25,0
3/15/2020,Brunei,15,0,40,0
3/16/2020,Brunei,10,0,50,0
3/17/2020,Brunei,0,0,50,0
3/8/2020,Bulgaria,0,0,2,0
3/9/2020,Bulgaria,2,0,4,0
3/10/2020,Bulgaria,0,0,4,0
3/11/2020,Bulgaria,2,0,6,0
3/12/2020,Bulgaria,1,0,7,1
3/13/2020,Bulgaria,0,0,7,1
3/14/2020,Bulgaria,0,0,7,1
3/15/2020,Bulgaria,36,1,43,2
3/16/2020,Bulgaria,8,0,51,2
3/17/2020,Bulgaria,16,0,67,2
3/11/2020,Burkina Faso,0,0,2,0
3/12/2020,Burkina Faso,0,0,2,0
3/13/2020,Burkina Faso,0,0,2,0
3/14/2020,Burkina Faso,0,0,2,0
3/15/2020,Burkina Faso,1,0,3,0
3/16/2020,Burkina Faso,0,0,3,0
3/17/2020,Burkina Faso,12,0,15,0
1/28/2020,Cambodia,0,0,1,0
1/29/2020,Cambodia,0,0,1,0
1/30/2020,Cambodia,0,0,1,0
1/31/2020,Cambodia,0,0,1,0
2/1/2020,Cambodia,0,0,1,0
2/2/2020,Cambodia,0,0,1,0
2/3/2020,Cambodia,0,0,1,0
2/4/2020,Cambodia,0,0,1,0
2/5/2020,Cambodia,0,0,1,0
2/6/2020,Cambodia,0,0,1,0
2/7/2020,Cambodia,0,0,1,0
2/8/2020,Cambodia,0,0,1,0
2/9/2020,Cambodia,0,0,1,0
2/10/2020,Cambodia,0,0,1,0
2/11/2020,Cambodia,0,0,1,0
2/12/2020,Cambodia,0,0,1,0
2/13/2020,Cambodia,0,0,1,0
2/14/2020,Cambodia,0,0,1,0
2/15/2020,Cambodia,0,0,1,0
2/16/2020,Cambodia,0,0,1,0
2/17/2020,Cambodia,0,0,1,0
2/18/2020,Cambodia,0,0,1,0
2/19/2020,Cambodia,0,0,1,0
2/20/2020,Cambodia,0,0,1,0
2/21/2020,Cambodia,0,0,1,0
2/22/2020,Cambodia,0,0,1,0
2/23/2020,Cambodia,0,0,1,0
2/24/2020,Cambodia,0,0,1,0
2/25/2020,Cambodia,0,0,1,0
2/26/2020,Cambodia,0,0,1,0
2/27/2020,Cambodia,0,0,1,0
2/28/2020,Cambodia,0,0,1,0
2/29/2020,Cambodia,0,0,1,0
3/1/2020,Cambodia,0,0,1,0
3/2/2020,Cambodia,0,0,1,0
3/3/2020,Cambodia,0,0,1,0
3/4/2020,Cambodia,0,0,1,0
3/5/2020,Cambodia,0,0,1,0
3/6/2020,Cambodia,0,0,1,0
3/7/2020,Cambodia,0,0,1,0
3/8/2020,Cambodia,1,0,2,0
3/9/2020,Cambodia,0,0,2,0
3/10/2020,Cambodia,0,0,2,0
3/11/2020,Cambodia,1,0,3,0
3/12/2020,Cambodia,0,0,3,0
3/13/2020,Cambodia,2,0,5,0
3/14/2020,Cambodia,2,0,7,0
3/15/2020,Cambodia,0,0,7,0
3/16/2020,Cambodia,5,0,12,0
3/17/2020,Cambodia,12,0,24,0
3/6/2020,Cameroon,0,0,1,0
3/7/2020,Cameroon,1,0,2,0
3/8/2020,Cameroon,0,0,2,0
3/9/2020,Cameroon,0,0,2,0
3/10/2020,Cameroon,0,0,2,0
3/11/2020,Cameroon,0,0,2,0
3/12/2020,Cameroon,0,0,2,0
3/13/2020,Cameroon,0,0,2,0
3/14/2020,Cameroon,0,0,2,0
3/15/2020,Cameroon,1,0,3,0
3/16/2020,Cameroon,0,0,3,0
3/17/2020,Cameroon,2,0,5,0
1/27/2020,Canada,0,0,1,0
1/28/2020,Canada,1,0,2,0
1/29/2020,Canada,1,0,3,0
1/30/2020,Canada,0,0,3,0
1/31/2020,Canada,0,0,3,0
2/1/2020,Canada,1,0,4,0
2/2/2020,Canada,0,0,4,0
2/3/2020,Canada,0,0,4,0
2/4/2020,Canada,0,0,4,0
2/5/2020,Canada,1,0,5,0
2/6/2020,Canada,0,0,5,0
2/7/2020,Canada,2,0,7,0
2/8/2020,Canada,0,0,7,0
2/9/2020,Canada,0,0,7,0
2/10/2020,Canada,0,0,7,0
2/11/2020,Canada,0,0,7,0
2/12/2020,Canada,0,0,7,0
2/13/2020,Canada,0,0,7,0
2/14/2020,Canada,0,0,7,0
2/15/2020,Canada,0,0,7,0
2/16/2020,Canada,0,0,7,0
2/17/2020,Canada,0,0,7,0
2/18/2020,Canada,1,0,8,0
2/19/2020,Canada,0,0,8,0
2/20/2020,Canada,0,0,8,0
2/21/2020,Canada,0,0,8,0
2/22/2020,Canada,0,0,8,0
2/23/2020,Canada,1,0,9,0
2/24/2020,Canada,0,0,9,0
2/25/2020,Canada,1,0,10,0
2/26/2020,Canada,0,0,10,0
2/27/2020,Canada,1,0,11,0
2/28/2020,Canada,0,0,11,0
2/29/2020,Canada,3,0,14,0
3/1/2020,Canada,5,0,19,0
3/2/2020,Canada,0,0,19,0
3/3/2020,Canada,8,0,27,0
3/4/2020,Canada,3,0,30,0
3/5/2020,Canada,0,0,30,0
3/6/2020,Canada,15,0,45,0
3/7/2020,Canada,6,0,51,0
3/8/2020,Canada,6,0,57,0
3/9/2020,Canada,5,0,62,0
3/10/2020,Canada,15,0,77,0
3/11/2020,Canada,16,0,93,1
3/12/2020,Canada,0,0,93,1
3/13/2020,Canada,45,0,138,1
3/14/2020,Canada,38,0,176,1
3/15/2020,Canada,68,0,244,1
3/16/2020,Canada,60,0,304,1
3/17/2020,Canada,120,0,424,1
3/14/2020,Cayman Islands,0,0,1,0
3/15/2020,Cayman Islands,0,0,1,0
3/16/2020,Cayman Islands,0,0,1,1
3/17/2020,Cayman Islands,0,0,1,1
3/15/2020,Central African Republic,0,0,1,0
3/16/2020,Central African Republic,0,0,1,0
3/17/2020,Central African Republic,0,0,1,0
3/4/2020,Chile,0,0,1,0
3/5/2020,Chile,0,0,1,0
3/6/2020,Chile,0,0,1,0
3/7/2020,Chile,4,0,5,0
3/8/2020,Chile,0,0,5,0
3/9/2020,Chile,5,0,10,0
3/10/2020,Chile,3,0,13,0
3/11/2020,Chile,4,0,17,0
3/12/2020,Chile,6,0,23,0
3/13/2020,Chile,10,0,33,0
3/14/2020,Chile,10,0,43,0
3/15/2020,Chile,18,0,61,0
3/16/2020,Chile,14,0,75,0
3/17/2020,Chile,81,0,156,0
1/21/2020,China,0,0,278,6
1/22/2020,China,32,0,310,6
1/23/2020,China,264,11,574,17
1/24/2020,China,261,8,835,25
1/25/2020,China,462,16,1297,41
1/26/2020,China,688,15,1985,56
1/27/2020,China,776,24,2761,80
1/28/2020,China,1776,26,4537,106
1/29/2020,China,1460,26,5997,132
1/30/2020,China,1739,38,7736,170
1/31/2020,China,1984,43,9720,213
2/1/2020,China,2101,46,11821,259
2/2/2020,China,2590,45,14411,304
2/3/2020,China,2827,57,17238,361
2/4/2020,China,3233,64,20471,425
2/5/2020,China,3892,66,24363,491
2/6/2020,China,3697,73,28060,564
2/7/2020,China,3151,73,31211,637
2/8/2020,China,3387,86,34598,723
2/9/2020,China,2653,89,37251,812
2/10/2020,China,2984,97,40235,909
2/11/2020,China,2473,108,42708,1017
2/12/2020,China,2022,97,44730,1114
2/13/2020,China,1820,254,46550,1368
2/14/2020,China,1998,13,48548,1381
2/15/2020,China,1506,143,50054,1524
2/16/2020,China,1120,142,51174,1666
2/17/2020,China,19461,106,70635,1772
2/18/2020,China,1893,98,72528,1870
2/19/2020,China,1752,136,74280,2006
2/20/2020,China,395,115,74675,2121
2/21/2020,China,894,118,75569,2239
2/22/2020,China,823,109,76392,2348
2/23/2020,China,650,97,77042,2445
2/24/2020,China,220,150,77262,2595
2/25/2020,China,518,71,77780,2666
2/26/2020,China,411,52,78191,2718
2/27/2020,China,439,29,78630,2747
2/28/2020,China,331,44,78961,2791
2/29/2020,China,433,47,79394,2838
3/1/2020,China,574,35,79968,2873
3/2/2020,China,206,42,80174,2915
3/3/2020,China,130,31,80304,2946
3/4/2020,China,118,38,80422,2984
3/5/2020,China,143,31,80565,3015
3/6/2020,China,146,30,80711,3045
3/7/2020,China,102,28,80813,3073
3/8/2020,China,46,27,80859,3100
3/9/2020,China,45,23,80904,3123
3/10/2020,China,20,17,80924,3140
3/11/2020,China,31,22,80955,3162
3/12/2020,China,26,11,80981,3173
3/13/2020,China,10,7,80991,3180
3/14/2020,China,30,14,81021,3194
3/15/2020,China,27,10,81048,3204
3/16/2020,China,29,14,81077,3218
3/17/2020,China,39,13,81116,3231
3/7/2020,Colombia,0,0,1,0
3/8/2020,Colombia,0,0,1,0
3/9/2020,Colombia,0,0,1,0
3/10/2020,Colombia,2,0,3,0
3/11/2020,Colombia,0,0,3,0
3/12/2020,Colombia,6,0,9,0
3/13/2020,Colombia,0,0,9,0
3/14/2020,Colombia,7,0,16,0
3/15/2020,Colombia,8,0,24,0
3/16/2020,Colombia,0,0,24,0
3/17/2020,Colombia,21,0,45,0
3/15/2020,Congo,0,0,1,0
3/16/2020,Congo,0,0,1,0
3/17/2020,Congo,0,0,1,0
3/8/2020,Costa Rica,0,0,5,0
3/9/2020,Costa Rica,4,0,9,0
3/10/2020,Costa Rica,0,0,9,0
3/11/2020,Costa Rica,4,0,13,0
3/12/2020,Costa Rica,0,0,13,0
3/13/2020,Costa Rica,9,0,22,0
3/14/2020,Costa Rica,1,0,23,0
3/15/2020,Costa Rica,0,0,23,0
3/16/2020,Costa Rica,0,0,23,0
3/17/2020,Costa Rica,18,0,41,0
2/26/2020,Croatia,0,0,2,0
2/27/2020,Croatia,1,0,3,0
2/28/2020,Croatia,0,0,3,0
2/29/2020,Croatia,2,0,5,0
3/1/2020,Croatia,2,0,7,0
3/2/2020,Croatia,0,0,7,0
3/3/2020,Croatia,1,0,8,0
3/4/2020,Croatia,1,0,9,0
3/5/2020,Croatia,0,0,9,0
3/6/2020,Croatia,1,0,10,0
3/7/2020,Croatia,1,0,11,0
3/8/2020,Croatia,0,0,11,0
3/9/2020,Croatia,0,0,11,0
3/10/2020,Croatia,1,0,12,0
3/11/2020,Croatia,4,0,16,0
3/12/2020,Croatia,0,0,16,0
3/13/2020,Croatia,0,0,16,0
3/14/2020,Croatia,11,0,27,0
3/15/2020,Croatia,10,0,37,0
3/16/2020,Croatia,12,0,49,0
3/17/2020,Croatia,7,0,56,0
3/13/2020,Cuba,0,0,3,0
3/14/2020,Cuba,1,0,4,0
3/15/2020,Cuba,0,0,4,0
3/16/2020,Cuba,0,0,4,0
3/17/2020,Cuba,1,0,5,0
3/15/2020,Curacao,0,0,2,0
3/16/2020,Curacao,0,0,2,0
3/17/2020,Curacao,1,0,3,0
3/10/2020,Cyprus,0,0,2,0
3/11/2020,Cyprus,0,0,2,0
3/12/2020,Cyprus,4,0,6,0
3/13/2020,Cyprus,0,0,6,0
3/14/2020,Cyprus,8,0,14,0
3/15/2020,Cyprus,7,0,21,0
3/16/2020,Cyprus,12,0,33,0
3/17/2020,Cyprus,0,0,33,0
3/2/2020,Czech Republic,0,0,3,0
3/3/2020,Czech Republic,0,0,3,0
3/4/2020,Czech Republic,2,0,5,0
3/5/2020,Czech Republic,0,0,5,0
3/6/2020,Czech Republic,7,0,12,0
3/7/2020,Czech Republic,0,0,12,0
3/8/2020,Czech Republic,14,0,26,0
3/9/2020,Czech Republic,6,0,32,0
3/10/2020,Czech Republic,6,0,38,0
3/11/2020,Czech Republic,23,0,61,0
3/12/2020,Czech Republic,33,0,94,0
3/13/2020,Czech Republic,22,0,116,0
3/14/2020,Czech Republic,34,0,150,0
3/15/2020,Czech Republic,64,0,214,0
3/16/2020,Czech Republic,84,0,298,0
3/17/2020,Czech Republic,85,0,383,0
3/12/2020,Cote d'Ivoire,0,0,1,0
3/13/2020,Cote d'Ivoire,0,0,1,0
3/14/2020,Cote d'Ivoire,0,0,1,0
3/15/2020,Cote d'Ivoire,2,0,3,0
3/16/2020,Cote d'Ivoire,0,0,3,0
3/17/2020,Cote d'Ivoire,3,0,6,0
3/11/2020,Democratic Republic of Congo,0,0,1,0
3/12/2020,Democratic Republic of Congo,0,0,1,0
3/13/2020,Democratic Republic of Congo,0,0,1,0
3/14/2020,Democratic Republic of Congo,1,0,2,0
3/15/2020,Democratic Republic of Congo,0,0,2,0
3/16/2020,Democratic Republic of Congo,0,0,2,0
3/17/2020,Democratic Republic of Congo,1,0,3,0
2/27/2020,Denmark,0,0,1,0
2/28/2020,Denmark,0,0,1,0
2/29/2020,Denmark,1,0,2,0
3/1/2020,Denmark,1,0,3,0
3/2/2020,Denmark,1,0,4,0
3/3/2020,Denmark,1,0,5,0
3/4/2020,Denmark,3,0,8,0
3/5/2020,Denmark,2,0,10,0
3/6/2020,Denmark,8,0,18,0
3/7/2020,Denmark,5,0,23,0
3/8/2020,Denmark,8,0,31,0
3/9/2020,Denmark,5,0,36,0
3/10/2020,Denmark,54,0,90,0
3/11/2020,Denmark,172,0,262,0
3/12/2020,Denmark,353,0,615,0
3/13/2020,Denmark,59,0,674,0
3/14/2020,Denmark,127,0,801,0
3/15/2020,Denmark,26,0,827,0
3/16/2020,Denmark,71,0,898,1
3/17/2020,Denmark,62,3,960,4
3/2/2020,Dominican Republic,0,0,1,0
3/3/2020,Dominican Republic,0,0,1,0
3/4/2020,Dominican Republic,0,0,1,0
3/5/2020,Dominican Republic,0,0,1,0
3/6/2020,Dominican Republic,0,0,1,0
3/7/2020,Dominican Republic,0,0,1,0
3/8/2020,Dominican Republic,0,0,1,0
3/9/2020,Dominican Republic,0,0,1,0
3/10/2020,Dominican Republic,4,0,5,0
3/11/2020,Dominican Republic,0,0,5,0
3/12/2020,Dominican Republic,0,0,5,0
3/13/2020,Dominican Republic,0,0,5,0
3/14/2020,Dominican Republic,0,0,5,0
3/15/2020,Dominican Republic,0,0,5,0
3/16/2020,Dominican Republic,0,0,5,0
3/17/2020,Dominican Republic,16,0,21,1
3/1/2020,Ecuador,0,0,1,0
3/2/2020,Ecuador,0,0,1,0
3/3/2020,Ecuador,5,0,6,0
3/4/2020,Ecuador,1,0,7,0
3/5/2020,Ecuador,0,0,7,0
3/6/2020,Ecuador,6,0,13,0
3/7/2020,Ecuador,1,0,14,0
3/8/2020,Ecuador,0,0,14,0
3/9/2020,Ecuador,1,0,15,0
3/10/2020,Ecuador,0,0,15,0
3/11/2020,Ecuador,0,0,15,0
3/12/2020,Ecuador,2,0,17,0
3/13/2020,Ecuador,0,0,17,0
3/14/2020,Ecuador,6,0,23,0
3/15/2020,Ecuador,0,0,23,0
3/16/2020,Ecuador,14,0,37,2
3/17/2020,Ecuador,21,0,58,2
2/15/2020,Egypt,0,0,1,0
2/16/2020,Egypt,0,0,1,0
2/17/2020,Egypt,0,0,1,0
2/18/2020,Egypt,0,0,1,0
2/19/2020,Egypt,0,0,1,0
2/20/2020,Egypt,0,0,1,0
2/21/2020,Egypt,0,0,1,0
2/22/2020,Egypt,0,0,1,0
2/23/2020,Egypt,0,0,1,0
2/24/2020,Egypt,0,0,1,0
2/25/2020,Egypt,0,0,1,0
2/26/2020,Egypt,0,0,1,0
2/27/2020,Egypt,0,0,1,0
2/28/2020,Egypt,0,0,1,0
2/29/2020,Egypt,0,0,1,0
3/1/2020,Egypt,0,0,1,0
3/2/2020,Egypt,1,0,2,0
3/3/2020,Egypt,0,0,2,0
3/4/2020,Egypt,0,0,2,0
3/5/2020,Egypt,0,0,2,0
3/6/2020,Egypt,1,0,3,0
3/7/2020,Egypt,0,0,3,0
3/8/2020,Egypt,45,0,48,0
3/9/2020,Egypt,7,0,55,1
3/10/2020,Egypt,4,0,59,1
3/11/2020,Egypt,0,0,59,1
3/12/2020,Egypt,8,0,67,1
3/13/2020,Egypt,0,0,67,1
3/14/2020,Egypt,26,1,93,2
3/15/2020,Egypt,0,0,93,2
3/16/2020,Egypt,33,0,126,2
3/17/2020,Egypt,40,2,166,4
3/15/2020,Equatorial Guinea,0,0,1,0
3/16/2020,Equatorial Guinea,0,0,1,0
3/17/2020,Equatorial Guinea,0,0,1,0
2/27/2020,Estonia,0,0,1,0
2/28/2020,Estonia,0,0,1,0
2/29/2020,Estonia,0,0,1,0
3/1/2020,Estonia,0,0,1,0
3/2/2020,Estonia,0,0,1,0
3/3/2020,Estonia,0,0,1,0
3/4/2020,Estonia,1,0,2,0
3/5/2020,Estonia,0,0,2,0
3/6/2020,Estonia,1,0,3,0
3/7/2020,Estonia,7,0,10,0
3/8/2020,Estonia,0,0,10,0
3/9/2020,Estonia,0,0,10,0
3/10/2020,Estonia,0,0,10,0
3/11/2020,Estonia,3,0,13,0
3/12/2020,Estonia,0,0,13,0
3/13/2020,Estonia,0,0,13,0
3/14/2020,Estonia,66,0,79,0
3/15/2020,Estonia,0,0,79,0
3/16/2020,Estonia,126,0,205,0
3/17/2020,Estonia,0,0,205,0
3/15/2020,Swaziland,0,0,1,0
3/16/2020,Swaziland,0,0,1,0
3/17/2020,Swaziland,0,0,1,0
3/14/2020,Ethiopia,0,0,1,0
3/15/2020,Ethiopia,0,0,1,0
3/16/2020,Ethiopia,0,0,1,0
3/17/2020,Ethiopia,4,0,5,0
3/8/2020,Faeroe Islands,0,0,1,0
3/9/2020,Faeroe Islands,1,0,2,0
3/10/2020,Faeroe Islands,0,0,2,0
3/11/2020,Faeroe Islands,0,0,2,0
3/12/2020,Faeroe Islands,0,0,2,0
3/13/2020,Faeroe Islands,0,0,2,0
3/14/2020,Faeroe Islands,1,0,3,0
3/15/2020,Faeroe Islands,6,0,9,0
3/16/2020,Faeroe Islands,2,0,11,0
3/17/2020,Faeroe Islands,36,0,47,0
1/30/2020,Finland,0,0,1,0
1/31/2020,Finland,0,0,1,0
2/1/2020,Finland,0,0,1,0
2/2/2020,Finland,0,0,1,0
2/3/2020,Finland,0,0,1,0
2/4/2020,Finland,0,0,1,0
2/5/2020,Finland,0,0,1,0
2/6/2020,Finland,0,0,1,0
2/7/2020,Finland,0,0,1,0
2/8/2020,Finland,0,0,1,0
2/9/2020,Finland,0,0,1,0
2/10/2020,Finland,0,0,1,0
2/11/2020,Finland,0,0,1,0
2/12/2020,Finland,0,0,1,0
2/13/2020,Finland,0,0,1,0
2/14/2020,Finland,0,0,1,0
2/15/2020,Finland,0,0,1,0
2/16/2020,Finland,0,0,1,0
2/17/2020,Finland,0,0,1,0
2/18/2020,Finland,0,0,1,0
2/19/2020,Finland,0,0,1,0
2/20/2020,Finland,0,0,1,0
2/21/2020,Finland,0,0,1,0
2/22/2020,Finland,0,0,1,0
2/23/2020,Finland,0,0,1,0
2/24/2020,Finland,0,0,1,0
2/25/2020,Finland,0,0,1,0
2/26/2020,Finland,0,0,1,0
2/27/2020,Finland,1,0,2,0
2/28/2020,Finland,0,0,2,0
2/29/2020,Finland,0,0,2,0
3/1/2020,Finland,0,0,2,0
3/2/2020,Finland,4,0,6,0
3/3/2020,Finland,1,0,7,0
3/4/2020,Finland,0,0,7,0
3/5/2020,Finland,0,0,7,0
3/6/2020,Finland,5,0,12,0
3/7/2020,Finland,7,0,19,0
3/8/2020,Finland,0,0,19,0
3/9/2020,Finland,11,0,30,0
3/10/2020,Finland,10,0,40,0
3/11/2020,Finland,0,0,40,0
3/12/2020,Finland,0,0,40,0
3/13/2020,Finland,69,0,109,0
3/14/2020,Finland,0,0,109,0
3/15/2020,Finland,101,0,210,0
3/16/2020,Finland,57,0,267,0
3/17/2020,Finland,5,0,272,0
1/25/2020,France,0,0,3,0
1/26/2020,France,0,0,3,0
1/27/2020,France,0,0,3,0
1/28/2020,France,0,0,3,0
1/29/2020,France,1,0,4,0
1/30/2020,France,1,0,5,0
1/31/2020,France,1,0,6,0
2/1/2020,France,0,0,6,0
2/2/2020,France,0,0,6,0
2/3/2020,France,0,0,6,0
2/4/2020,France,0,0,6,0
2/5/2020,France,0,0,6,0
2/6/2020,France,0,0,6,0
2/7/2020,France,0,0,6,0
2/8/2020,France,0,0,6,0
2/9/2020,France,5,0,11,0
2/10/2020,France,0,0,11,0
2/11/2020,France,0,0,11,0
2/12/2020,France,0,0,11,0
2/13/2020,France,0,0,11,0
2/14/2020,France,0,0,11,0
2/15/2020,France,0,0,11,0
2/16/2020,France,1,0,12,1
2/17/2020,France,0,0,12,1
2/18/2020,France,0,0,12,1
2/19/2020,France,0,0,12,1
2/20/2020,France,0,0,12,1
2/21/2020,France,0,0,12,1
2/22/2020,France,0,0,12,1
2/23/2020,France,0,0,12,1
2/24/2020,France,0,0,12,1
2/25/2020,France,0,0,12,1
2/26/2020,France,0,0,12,1
2/27/2020,France,6,1,18,2
2/28/2020,France,20,0,38,2
2/29/2020,France,19,0,57,2
3/1/2020,France,43,0,100,2
3/2/2020,France,0,0,100,2
3/3/2020,France,91,1,191,3
3/4/2020,France,21,1,212,4
3/5/2020,France,70,0,282,4
3/6/2020,France,138,2,420,6
3/7/2020,France,193,3,613,9
3/8/2020,France,93,1,706,10
3/9/2020,France,410,9,1116,19
3/10/2020,France,286,11,1402,30
3/11/2020,France,372,3,1774,33
3/12/2020,France,495,15,2269,48
3/13/2020,France,591,13,2860,61
3/14/2020,France,780,18,3640,79
3/15/2020,France,829,12,4469,91
3/16/2020,France,911,36,5380,127
3/17/2020,France,1193,21,6573,148
3/8/2020,French Guiana,0,0,5,0
3/9/2020,French Guiana,0,0,5,0
3/10/2020,French Guiana,0,0,5,0
3/11/2020,French Guiana,0,0,5,0
3/12/2020,French Guiana,0,0,5,0
3/13/2020,French Guiana,1,0,6,0
3/14/2020,French Guiana,0,0,6,0
3/15/2020,French Guiana,1,0,7,0
3/16/2020,French Guiana,0,0,7,0
3/17/2020,French Guiana,0,0,7,0
3/12/2020,French Polynesia,0,0,1,0
3/13/2020,French Polynesia,0,0,1,0
3/14/2020,French Polynesia,0,0,1,0
3/15/2020,French Polynesia,2,0,3,0
3/16/2020,French Polynesia,0,0,3,0
3/17/2020,French Polynesia,0,0,3,0
3/14/2020,Gabon,0,0,1,0
3/15/2020,Gabon,0,0,1,0
3/16/2020,Gabon,0,0,1,0
3/17/2020,Gabon,0,0,1,0
2/27/2020,Georgia,0,0,1,0
2/28/2020,Georgia,0,0,1,0
2/29/2020,Georgia,1,0,2,0
3/1/2020,Georgia,1,0,3,0
3/2/2020,Georgia,0,0,3,0
3/3/2020,Georgia,0,0,3,0
3/4/2020,Georgia,0,0,3,0
3/5/2020,Georgia,0,0,3,0
3/6/2020,Georgia,6,0,9,0
3/7/2020,Georgia,0,0,9,0
3/8/2020,Georgia,3,0,12,0
3/9/2020,Georgia,1,0,13,0
3/10/2020,Georgia,2,0,15,0
3/11/2020,Georgia,8,0,23,0
3/12/2020,Georgia,0,0,23,0
3/13/2020,Georgia,2,0,25,0
3/14/2020,Georgia,0,0,25,0
3/15/2020,Georgia,5,0,30,0
3/16/2020,Georgia,3,0,33,0
3/17/2020,Georgia,0,0,33,0
1/28/2020,Germany,0,0,1,0
1/29/2020,Germany,3,0,4,0
1/30/2020,Germany,0,0,4,0
1/31/2020,Germany,1,0,5,0
2/1/2020,Germany,2,0,7,0
2/2/2020,Germany,1,0,8,0
2/3/2020,Germany,2,0,10,0
2/4/2020,Germany,2,0,12,0
2/5/2020,Germany,0,0,12,0
2/6/2020,Germany,0,0,12,0
2/7/2020,Germany,1,0,13,0
2/8/2020,Germany,1,0,14,0
2/9/2020,Germany,0,0,14,0
2/10/2020,Germany,0,0,14,0
2/11/2020,Germany,0,0,14,0
2/12/2020,Germany,2,0,16,0
2/13/2020,Germany,0,0,16,0
2/14/2020,Germany,0,0,16,0
2/15/2020,Germany,0,0,16,0
2/16/2020,Germany,0,0,16,0
2/17/2020,Germany,0,0,16,0
2/18/2020,Germany,0,0,16,0
2/19/2020,Germany,0,0,16,0
2/20/2020,Germany,0,0,16,0
2/21/2020,Germany,0,0,16,0
2/22/2020,Germany,0,0,16,0
2/23/2020,Germany,0,0,16,0
2/24/2020,Germany,0,0,16,0
2/25/2020,Germany,0,0,16,0
2/26/2020,Germany,2,0,18,0
2/27/2020,Germany,3,0,21,0
2/28/2020,Germany,5,0,26,0
2/29/2020,Germany,31,0,57,0
3/1/2020,Germany,0,0,57,0
3/2/2020,Germany,72,0,129,0
3/3/2020,Germany,28,0,157,0
3/4/2020,Germany,39,0,196,0
3/5/2020,Germany,66,0,262,0
3/6/2020,Germany,272,0,534,0
3/7/2020,Germany,105,0,639,0
3/8/2020,Germany,156,0,795,0
3/9/2020,Germany,317,0,1112,0
3/10/2020,Germany,27,0,1139,2
3/11/2020,Germany,157,0,1296,2
3/12/2020,Germany,271,1,1567,3
3/13/2020,Germany,802,3,2369,6
3/14/2020,Germany,693,0,3062,6
3/15/2020,Germany,733,2,3795,8
3/16/2020,Germany,1043,4,4838,12
3/17/2020,Germany,1174,1,6012,13
3/14/2020,Ghana,0,0,1,0
3/15/2020,Ghana,1,0,2,0
3/16/2020,Ghana,0,0,2,0
3/17/2020,Ghana,4,0,6,0
3/5/2020,Gibraltar,0,0,1,0
3/6/2020,Gibraltar,0,0,1,0
3/7/2020,Gibraltar,0,0,1,0
3/8/2020,Gibraltar,0,0,1,0
3/9/2020,Gibraltar,0,0,1,0
3/10/2020,Gibraltar,0,0,1,0
3/11/2020,Gibraltar,0,0,1,0
3/12/2020,Gibraltar,0,0,1,0
3/13/2020,Gibraltar,0,0,1,0
3/14/2020,Gibraltar,0,0,1,0
3/15/2020,Gibraltar,0,0,1,0
3/16/2020,Gibraltar,0,0,1,0
3/17/2020,Gibraltar,2,0,3,0
2/27/2020,Greece,0,0,1,0
2/28/2020,Greece,2,0,3,0
2/29/2020,Greece,0,0,3,0
3/1/2020,Greece,0,0,3,0
3/2/2020,Greece,4,0,7,0
3/3/2020,Greece,0,0,7,0
3/4/2020,Greece,0,0,7,0
3/5/2020,Greece,2,0,9,0
3/6/2020,Greece,23,0,32,0
3/7/2020,Greece,0,0,32,0
3/8/2020,Greece,34,0,66,0
3/9/2020,Greece,7,0,73,0
3/10/2020,Greece,0,0,73,0
3/11/2020,Greece,16,0,89,0
3/12/2020,Greece,9,0,98,1
3/13/2020,Greece,0,0,98,1
3/14/2020,Greece,0,0,98,1
3/15/2020,Greece,130,1,228,2
3/16/2020,Greece,103,2,331,4
3/17/2020,Greece,0,0,331,4
3/14/2020,Guadeloupe,0,0,1,0
3/15/2020,Guadeloupe,2,0,3,0
3/16/2020,Guadeloupe,3,0,6,0
3/17/2020,Guadeloupe,12,0,18,0
3/17/2020,Guam,0,0,3,0
3/16/2020,Guatemala,0,0,1,1
3/17/2020,Guatemala,0,0,1,1
3/10/2020,Guernsey,0,0,1,0
3/11/2020,Guernsey,0,0,1,0
3/12/2020,Guernsey,0,0,1,0
3/13/2020,Guernsey,0,0,1,0
3/14/2020,Guernsey,0,0,1,0
3/15/2020,Guernsey,0,0,1,0
3/16/2020,Guernsey,0,0,1,0
3/17/2020,Guernsey,0,0,1,0
3/14/2020,Guinea,0,0,1,0
3/15/2020,Guinea,0,0,1,0
3/16/2020,Guinea,0,0,1,0
3/17/2020,Guinea,0,0,1,0
3/13/2020,Guyana,0,0,1,1
3/14/2020,Guyana,0,0,1,1
3/15/2020,Guyana,0,0,1,1
3/16/2020,Guyana,3,0,4,1
3/17/2020,Guyana,0,0,4,1
3/7/2020,Vatican,0,0,1,0
3/8/2020,Vatican,0,0,1,0
3/9/2020,Vatican,0,0,1,0
3/10/2020,Vatican,0,0,1,0
3/11/2020,Vatican,0,0,1,0
3/12/2020,Vatican,0,0,1,0
3/13/2020,Vatican,0,0,1,0
3/14/2020,Vatican,0,0,1,0
3/15/2020,Vatican,0,0,1,0
3/16/2020,Vatican,0,0,1,0
3/17/2020,Vatican,0,0,1,0
3/12/2020,Honduras,0,0,2,0
3/13/2020,Honduras,0,0,2,0
3/14/2020,Honduras,0,0,2,0
3/15/2020,Honduras,0,0,2,0
3/16/2020,Honduras,0,0,2,0
3/17/2020,Honduras,6,0,8,0
3/5/2020,Hungary,0,0,2,0
3/6/2020,Hungary,0,0,2,0
3/7/2020,Hungary,3,0,5,0
3/8/2020,Hungary,2,0,7,0
3/9/2020,Hungary,2,0,9,0
3/10/2020,Hungary,0,0,9,0
3/11/2020,Hungary,4,0,13,0
3/12/2020,Hungary,0,0,13,0
3/13/2020,Hungary,3,0,16,0
3/14/2020,Hungary,3,0,19,0
3/15/2020,Hungary,13,0,32,0
3/16/2020,Hungary,7,0,39,1
3/17/2020,Hungary,11,0,50,1
3/2/2020,Iceland,0,0,2,0
3/3/2020,Iceland,7,0,9,0
3/4/2020,Iceland,7,0,16,0
3/5/2020,Iceland,10,0,26,0
3/6/2020,Iceland,0,0,26,0
3/7/2020,Iceland,19,0,45,0
3/8/2020,Iceland,0,0,45,0
3/9/2020,Iceland,10,0,55,0
3/10/2020,Iceland,0,0,55,0
3/11/2020,Iceland,6,0,61,0
3/12/2020,Iceland,0,0,61,0
3/13/2020,Iceland,0,0,61,0
3/14/2020,Iceland,0,0,61,0
3/15/2020,Iceland,77,0,138,0
3/16/2020,Iceland,0,0,138,0
3/17/2020,Iceland,61,0,199,0
1/30/2020,India,0,0,1,0
1/31/2020,India,0,0,1,0
2/1/2020,India,0,0,1,0
2/2/2020,India,1,0,2,0
2/3/2020,India,1,0,3,0
2/4/2020,India,0,0,3,0
2/5/2020,India,0,0,3,0
2/6/2020,India,0,0,3,0
2/7/2020,India,0,0,3,0
2/8/2020,India,0,0,3,0
2/9/2020,India,0,0,3,0
2/10/2020,India,0,0,3,0
2/11/2020,India,0,0,3,0
2/12/2020,India,0,0,3,0
2/13/2020,India,0,0,3,0
2/14/2020,India,0,0,3,0
2/15/2020,India,0,0,3,0
2/16/2020,India,0,0,3,0
2/17/2020,India,0,0,3,0
2/18/2020,India,0,0,3,0
2/19/2020,India,0,0,3,0
2/20/2020,India,0,0,3,0
2/21/2020,India,0,0,3,0
2/22/2020,India,0,0,3,0
2/23/2020,India,0,0,3,0
2/24/2020,India,0,0,3,0
2/25/2020,India,0,0,3,0
2/26/2020,India,0,0,3,0
2/27/2020,India,0,0,3,0
2/28/2020,India,0,0,3,0
2/29/2020,India,0,0,3,0
3/1/2020,India,0,0,3,0
3/2/2020,India,0,0,3,0
3/3/2020,India,2,0,5,0
3/4/2020,India,1,0,6,0
3/5/2020,India,23,0,29,0
3/6/2020,India,1,0,30,0
3/7/2020,India,1,0,31,0
3/8/2020,India,3,0,34,0
3/9/2020,India,9,0,43,0
3/10/2020,India,1,0,44,0
3/11/2020,India,16,0,60,0
3/12/2020,India,13,0,73,0
3/13/2020,India,1,0,74,1
3/14/2020,India,8,1,82,2
3/15/2020,India,25,0,107,2
3/16/2020,India,7,0,114,2
3/17/2020,India,23,1,137,3
3/2/2020,Indonesia,0,0,2,0
3/3/2020,Indonesia,0,0,2,0
3/4/2020,Indonesia,0,0,2,0
3/5/2020,Indonesia,0,0,2,0
3/6/2020,Indonesia,0,0,2,0
3/7/2020,Indonesia,0,0,2,0
3/8/2020,Indonesia,4,0,6,0
3/9/2020,Indonesia,0,0,6,0
3/10/2020,Indonesia,13,0,19,0
3/11/2020,Indonesia,8,0,27,1
3/12/2020,Indonesia,7,0,34,1
3/13/2020,Indonesia,0,0,34,1
3/14/2020,Indonesia,35,2,69,3
3/15/2020,Indonesia,48,1,117,4
3/16/2020,Indonesia,0,0,117,4
3/17/2020,Indonesia,55,1,172,5
2/6/2020,International,0,0,20,0
2/7/2020,International,41,0,61,0
2/8/2020,International,3,0,64,0
2/9/2020,International,0,0,64,0
2/10/2020,International,6,0,70,0
2/11/2020,International,65,0,135,0
2/12/2020,International,40,0,175,0
2/13/2020,International,-1,0,174,0
2/14/2020,International,44,0,218,0
2/15/2020,International,0,0,218,0
2/16/2020,International,137,0,355,0
2/17/2020,International,99,0,454,0
2/18/2020,International,0,0,454,0
2/19/2020,International,88,0,542,0
2/20/2020,International,79,0,621,2
2/21/2020,International,13,0,634,2
2/22/2020,International,0,0,634,2
2/23/2020,International,0,1,634,3
2/24/2020,International,61,0,695,3
2/25/2020,International,-4,0,691,3
2/26/2020,International,0,0,691,3
2/27/2020,International,14,1,705,4
2/28/2020,International,0,0,705,4
2/29/2020,International,0,2,705,6
3/1/2020,International,0,0,705,6
3/2/2020,International,1,0,706,6
3/3/2020,International,0,0,706,6
3/4/2020,International,0,0,706,6
3/5/2020,International,0,0,706,6
3/6/2020,International,-10,0,696,6
3/7/2020,International,0,0,696,6
3/8/2020,International,0,1,696,7
3/9/2020,International,0,0,696,7
3/10/2020,International,0,0,696,7
3/11/2020,International,0,0,696,7
3/12/2020,International,0,0,696,7
3/13/2020,International,0,0,696,7
3/14/2020,International,1,0,697,7
3/15/2020,International,0,0,697,7
3/16/2020,International,15,0,712,7
3/17/2020,International,0,0,712,7
2/20/2020,Iran,0,0,2,2
2/21/2020,Iran,3,0,5,2
2/22/2020,Iran,13,2,18,4
2/23/2020,Iran,10,1,28,5
2/24/2020,Iran,15,3,43,8
2/25/2020,Iran,18,4,61,12
2/26/2020,Iran,34,3,95,15
2/27/2020,Iran,46,7,141,22
2/28/2020,Iran,104,4,245,26
2/29/2020,Iran,143,8,388,34
3/1/2020,Iran,205,9,593,43
3/2/2020,Iran,385,11,978,54
3/3/2020,Iran,523,12,1501,66
3/4/2020,Iran,835,11,2336,77
3/5/2020,Iran,586,15,2922,92
3/6/2020,Iran,591,15,3513,107
3/7/2020,Iran,1234,17,4747,124
3/8/2020,Iran,1076,21,5823,145
3/9/2020,Iran,743,49,6566,194
3/10/2020,Iran,595,43,7161,237
3/11/2020,Iran,881,54,8042,291
3/12/2020,Iran,958,63,9000,354
3/13/2020,Iran,1075,75,10075,429
3/14/2020,Iran,1289,85,11364,514
3/15/2020,Iran,1365,94,12729,608
3/16/2020,Iran,2262,245,14991,853
3/17/2020,Iran,0,0,14991,853
2/25/2020,Iraq,0,0,1,0
2/26/2020,Iraq,4,0,5,0
2/27/2020,Iraq,1,0,6,0
2/28/2020,Iraq,1,0,7,0
2/29/2020,Iraq,1,0,8,0
3/1/2020,Iraq,5,0,13,0
3/2/2020,Iraq,6,0,19,0
3/3/2020,Iraq,7,0,26,0
3/4/2020,Iraq,5,0,31,0
3/5/2020,Iraq,5,0,36,2
3/6/2020,Iraq,0,0,36,2
3/7/2020,Iraq,8,2,44,4
3/8/2020,Iraq,10,0,54,4
3/9/2020,Iraq,6,2,60,6
3/10/2020,Iraq,1,0,61,6
3/11/2020,Iraq,0,0,61,6
3/12/2020,Iraq,9,1,70,7
3/13/2020,Iraq,0,0,70,7
3/14/2020,Iraq,23,2,93,9
3/15/2020,Iraq,0,0,93,9
3/16/2020,Iraq,31,0,124,9
3/17/2020,Iraq,0,0,124,9
3/1/2020,Ireland,0,0,1,0
3/2/2020,Ireland,0,0,1,0
3/3/2020,Ireland,0,0,1,0
3/4/2020,Ireland,1,0,2,0
3/5/2020,Ireland,0,0,2,0
3/6/2020,Ireland,12,0,14,0
3/7/2020,Ireland,4,0,18,0
3/8/2020,Ireland,1,0,19,0
3/9/2020,Ireland,2,0,21,0
3/10/2020,Ireland,3,0,24,0
3/11/2020,Ireland,10,0,34,0
3/12/2020,Ireland,9,0,43,1
3/13/2020,Ireland,27,0,70,1
3/14/2020,Ireland,20,0,90,1
3/15/2020,Ireland,39,1,129,2
3/16/2020,Ireland,40,0,169,2
3/17/2020,Ireland,54,0,223,2
2/22/2020,Israel,0,0,1,0
2/23/2020,Israel,0,0,1,0
2/24/2020,Israel,0,0,1,0
2/25/2020,Israel,1,0,2,0
2/26/2020,Israel,0,0,2,0
2/27/2020,Israel,0,0,2,0
2/28/2020,Israel,1,0,3,0
2/29/2020,Israel,2,0,5,0
3/1/2020,Israel,2,0,7,0
3/2/2020,Israel,0,0,7,0
3/3/2020,Israel,3,0,10,0
3/4/2020,Israel,2,0,12,0
3/5/2020,Israel,3,0,15,0
3/6/2020,Israel,0,0,15,0
3/7/2020,Israel,4,0,19,0
3/8/2020,Israel,6,0,25,0
3/9/2020,Israel,14,0,39,0
3/10/2020,Israel,0,0,39,0
3/11/2020,Israel,36,0,75,0
3/12/2020,Israel,0,0,75,0
3/13/2020,Israel,0,0,75,0
3/14/2020,Israel,25,0,100,0
3/15/2020,Israel,78,0,178,0
3/16/2020,Israel,22,0,200,0
3/17/2020,Israel,50,0,250,0
1/31/2020,Italy,0,0,2,0
2/1/2020,Italy,0,0,2,0
2/2/2020,Italy,0,0,2,0
2/3/2020,Italy,0,0,2,0
2/4/2020,Italy,0,0,2,0
2/5/2020,Italy,0,0,2,0
2/6/2020,Italy,0,0,2,0
2/7/2020,Italy,1,0,3,0
2/8/2020,Italy,0,0,3,0
2/9/2020,Italy,0,0,3,0
2/10/2020,Italy,0,0,3,0
2/11/2020,Italy,0,0,3,0
2/12/2020,Italy,0,0,3,0
2/13/2020,Italy,0,0,3,0
2/14/2020,Italy,0,0,3,0
2/15/2020,Italy,0,0,3,0
2/16/2020,Italy,0,0,3,0
2/17/2020,Italy,0,0,3,0
2/18/2020,Italy,0,0,3,0
2/19/2020,Italy,0,0,3,0
2/20/2020,Italy,0,0,3,0
2/21/2020,Italy,0,0,3,0
2/22/2020,Italy,6,0,9,0
2/23/2020,Italy,67,0,76,2
2/24/2020,Italy,48,0,124,2
2/25/2020,Italy,105,4,229,6
2/26/2020,Italy,93,5,322,11
2/27/2020,Italy,78,1,400,12
2/28/2020,Italy,250,5,650,17
2/29/2020,Italy,238,4,888,21
3/1/2020,Italy,240,8,1128,29
3/2/2020,Italy,561,6,1689,35
3/3/2020,Italy,347,17,2036,52
3/4/2020,Italy,466,28,2502,80
3/5/2020,Italy,587,27,3089,107
3/6/2020,Italy,769,41,3858,148
3/7/2020,Italy,778,49,4636,197
3/8/2020,Italy,1247,37,5883,234
3/9/2020,Italy,1492,132,7375,366
3/10/2020,Italy,1797,97,9172,463
3/11/2020,Italy,977,168,10149,631
3/12/2020,Italy,2313,196,12462,827
3/13/2020,Italy,2651,189,15113,1016
3/14/2020,Italy,2547,252,17660,1268
3/15/2020,Italy,3497,173,21157,1441
3/16/2020,Italy,3590,368,24747,1809
3/17/2020,Italy,3233,694,27980,2503
3/11/2020,Jamaica,0,0,1,0
3/12/2020,Jamaica,0,0,1,0
3/13/2020,Jamaica,0,0,1,0
3/14/2020,Jamaica,6,0,7,0
3/15/2020,Jamaica,1,0,8,0
3/16/2020,Jamaica,2,0,10,0
3/17/2020,Jamaica,0,0,10,0
1/21/2020,Japan,0,0,1,0
1/22/2020,Japan,0,0,1,0
1/23/2020,Japan,0,0,1,0
1/24/2020,Japan,0,0,1,0
1/25/2020,Japan,2,0,3,0
1/26/2020,Japan,0,0,3,0
1/27/2020,Japan,1,0,4,0
1/28/2020,Japan,2,0,6,0
1/29/2020,Japan,1,0,7,0
1/30/2020,Japan,4,0,11,0
1/31/2020,Japan,3,0,14,0
2/1/2020,Japan,3,0,17,0
2/2/2020,Japan,3,0,20,0
2/3/2020,Japan,0,0,20,0
2/4/2020,Japan,0,0,20,0
2/5/2020,Japan,3,0,23,0
2/6/2020,Japan,2,0,25,0
2/7/2020,Japan,0,0,25,0
2/8/2020,Japan,0,0,25,0
2/9/2020,Japan,1,0,26,0
2/10/2020,Japan,0,0,26,0
2/11/2020,Japan,0,0,26,0
2/12/2020,Japan,2,0,28,0
2/13/2020,Japan,1,0,29,0
2/14/2020,Japan,4,0,33,1
2/15/2020,Japan,8,0,41,1
2/16/2020,Japan,12,0,53,1
2/17/2020,Japan,6,0,59,1
2/18/2020,Japan,6,0,65,1
2/19/2020,Japan,8,0,73,1
2/20/2020,Japan,12,0,85,1
2/21/2020,Japan,8,0,93,1
2/22/2020,Japan,12,0,105,1
2/23/2020,Japan,27,0,132,1
2/24/2020,Japan,12,0,144,1
2/25/2020,Japan,13,0,157,1
2/26/2020,Japan,7,0,164,1
2/27/2020,Japan,22,2,186,3
2/28/2020,Japan,24,1,210,4
2/29/2020,Japan,20,1,230,5
3/1/2020,Japan,9,0,239,5
3/2/2020,Japan,15,1,254,6
3/3/2020,Japan,14,0,268,6
3/4/2020,Japan,16,0,284,6
3/5/2020,Japan,33,0,317,6
3/6/2020,Japan,32,0,349,6
3/7/2020,Japan,59,0,408,6
3/8/2020,Japan,47,0,455,6
3/9/2020,Japan,33,1,488,7
3/10/2020,Japan,26,2,514,9
3/11/2020,Japan,54,3,568,12
3/12/2020,Japan,52,3,620,15
3/13/2020,Japan,55,4,675,19
3/14/2020,Japan,41,2,716,21
3/15/2020,Japan,64,1,780,22
3/16/2020,Japan,34,2,814,24
3/17/2020,Japan,15,4,829,28
3/13/2020,Jersey,0,0,2,0
3/14/2020,Jersey,0,0,2,0
3/15/2020,Jersey,0,0,2,0
3/16/2020,Jersey,0,0,2,0
3/17/2020,Jersey,0,0,2,0
3/3/2020,Jordan,0,0,1,0
3/4/2020,Jordan,0,0,1,0
3/5/2020,Jordan,0,0,1,0
3/6/2020,Jordan,0,0,1,0
3/7/2020,Jordan,0,0,1,0
3/8/2020,Jordan,0,0,1,0
3/9/2020,Jordan,0,0,1,0
3/10/2020,Jordan,0,0,1,0
3/11/2020,Jordan,0,0,1,0
3/12/2020,Jordan,0,0,1,0
3/13/2020,Jordan,0,0,1,0
3/14/2020,Jordan,0,0,1,0
3/15/2020,Jordan,0,0,1,0
3/16/2020,Jordan,5,0,6,0
3/17/2020,Jordan,29,0,35,0
3/15/2020,Kazakhstan,0,0,6,0
3/16/2020,Kazakhstan,0,0,6,0
3/17/2020,Kazakhstan,0,0,6,0
3/14/2020,Kenya,0,0,1,0
3/15/2020,Kenya,0,0,1,0
3/16/2020,Kenya,0,0,1,0
3/17/2020,Kenya,2,0,3,0
2/24/2020,Kuwait,0,0,3,0
2/25/2020,Kuwait,5,0,8,0
2/26/2020,Kuwait,4,0,12,0
2/27/2020,Kuwait,31,0,43,0
2/28/2020,Kuwait,0,0,43,0
2/29/2020,Kuwait,2,0,45,0
3/1/2020,Kuwait,0,0,45,0
3/2/2020,Kuwait,11,0,56,0
3/3/2020,Kuwait,0,0,56,0
3/4/2020,Kuwait,0,0,56,0
3/5/2020,Kuwait,2,0,58,0
3/6/2020,Kuwait,0,0,58,0
3/7/2020,Kuwait,0,0,58,0
3/8/2020,Kuwait,4,0,62,0
3/9/2020,Kuwait,2,0,64,0
3/10/2020,Kuwait,1,0,65,0
3/11/2020,Kuwait,4,0,69,0
3/12/2020,Kuwait,11,0,80,0
3/13/2020,Kuwait,0,0,80,0
3/14/2020,Kuwait,20,0,100,0
3/15/2020,Kuwait,12,0,112,0
3/16/2020,Kuwait,0,0,112,0
3/17/2020,Kuwait,18,0,130,0
3/3/2020,Latvia,0,0,1,0
3/4/2020,Latvia,0,0,1,0
3/5/2020,Latvia,0,0,1,0
3/6/2020,Latvia,0,0,1,0
3/7/2020,Latvia,0,0,1,0
3/8/2020,Latvia,0,0,1,0
3/9/2020,Latvia,2,0,3,0
3/10/2020,Latvia,3,0,6,0
3/11/2020,Latvia,2,0,8,0
3/12/2020,Latvia,8,0,16,0
3/13/2020,Latvia,0,0,16,0
3/14/2020,Latvia,0,0,16,0
3/15/2020,Latvia,14,0,30,0
3/16/2020,Latvia,1,0,31,0
3/17/2020,Latvia,5,0,36,0
2/22/2020,Lebanon,0,0,1,0
2/23/2020,Lebanon,0,0,1,0
2/24/2020,Lebanon,0,0,1,0
2/25/2020,Lebanon,0,0,1,0
2/26/2020,Lebanon,0,0,1,0
2/27/2020,Lebanon,1,0,2,0
2/28/2020,Lebanon,0,0,2,0
2/29/2020,Lebanon,0,0,2,0
3/1/2020,Lebanon,0,0,2,0
3/2/2020,Lebanon,8,0,10,0
3/3/2020,Lebanon,3,0,13,0
3/4/2020,Lebanon,0,0,13,0
3/5/2020,Lebanon,0,0,13,0
3/6/2020,Lebanon,3,0,16,0
3/7/2020,Lebanon,6,0,22,0
3/8/2020,Lebanon,6,0,28,0
3/9/2020,Lebanon,4,0,32,0
3/10/2020,Lebanon,9,0,41,0
3/11/2020,Lebanon,0,0,41,1
3/12/2020,Lebanon,25,2,66,3
3/13/2020,Lebanon,0,0,66,3
3/14/2020,Lebanon,11,0,77,3
3/15/2020,Lebanon,16,0,93,3
3/16/2020,Lebanon,6,0,99,3
3/17/2020,Lebanon,10,0,109,3
3/17/2020,Liberia,0,0,1,0
3/5/2020,Liechtenstein,0,0,1,0
3/6/2020,Liechtenstein,0,0,1,0
3/7/2020,Liechtenstein,0,0,1,0
3/8/2020,Liechtenstein,0,0,1,0
3/9/2020,Liechtenstein,0,0,1,0
3/10/2020,Liechtenstein,0,0,1,0
3/11/2020,Liechtenstein,0,0,1,0
3/12/2020,Liechtenstein,0,0,1,0
3/13/2020,Liechtenstein,3,0,4,0
3/14/2020,Liechtenstein,0,0,4,0
3/15/2020,Liechtenstein,0,0,4,0
3/16/2020,Liechtenstein,3,0,7,0
3/17/2020,Liechtenstein,0,0,7,0
2/28/2020,Lithuania,0,0,1,0
2/29/2020,Lithuania,0,0,1,0
3/1/2020,Lithuania,0,0,1,0
3/2/2020,Lithuania,0,0,1,0
3/3/2020,Lithuania,0,0,1,0
3/4/2020,Lithuania,0,0,1,0
3/5/2020,Lithuania,0,0,1,0
3/6/2020,Lithuania,0,0,1,0
3/7/2020,Lithuania,0,0,1,0
3/8/2020,Lithuania,0,0,1,0
3/9/2020,Lithuania,0,0,1,0
3/10/2020,Lithuania,0,0,1,0
3/11/2020,Lithuania,0,0,1,0
3/12/2020,Lithuania,2,0,3,0
3/13/2020,Lithuania,0,0,3,0
3/14/2020,Lithuania,3,0,6,0
3/15/2020,Lithuania,3,0,9,0
3/16/2020,Lithuania,5,0,14,0
3/17/2020,Lithuania,3,0,17,0
3/2/2020,Luxembourg,0,0,1,0
3/3/2020,Luxembourg,0,0,1,0
3/4/2020,Luxembourg,0,0,1,0
3/5/2020,Luxembourg,0,0,1,0
3/6/2020,Luxembourg,0,0,1,0
3/7/2020,Luxembourg,1,0,2,0
3/8/2020,Luxembourg,0,0,2,0
3/9/2020,Luxembourg,0,0,2,0
3/10/2020,Luxembourg,3,0,5,0
3/11/2020,Luxembourg,0,0,5,0
3/12/2020,Luxembourg,12,0,17,0
3/13/2020,Luxembourg,0,0,17,0
3/14/2020,Luxembourg,21,0,38,1
3/15/2020,Luxembourg,0,0,38,1
3/16/2020,Luxembourg,0,0,38,1
3/17/2020,Luxembourg,43,0,81,1
1/26/2020,Malaysia,0,0,3,0
1/27/2020,Malaysia,1,0,4,0
1/28/2020,Malaysia,0,0,4,0
1/29/2020,Malaysia,0,0,4,0
1/30/2020,Malaysia,3,0,7,0
1/31/2020,Malaysia,1,0,8,0
2/1/2020,Malaysia,0,0,8,0
2/2/2020,Malaysia,0,0,8,0
2/3/2020,Malaysia,0,0,8,0
2/4/2020,Malaysia,2,0,10,0
2/5/2020,Malaysia,0,0,10,0
2/6/2020,Malaysia,2,0,12,0
2/7/2020,Malaysia,2,0,14,0
2/8/2020,Malaysia,1,0,15,0
2/9/2020,Malaysia,2,0,17,0
2/10/2020,Malaysia,1,0,18,0
2/11/2020,Malaysia,0,0,18,0
2/12/2020,Malaysia,0,0,18,0
2/13/2020,Malaysia,0,0,18,0
2/14/2020,Malaysia,1,0,19,0
2/15/2020,Malaysia,2,0,21,0
2/16/2020,Malaysia,1,0,22,0
2/17/2020,Malaysia,0,0,22,0
2/18/2020,Malaysia,0,0,22,0
2/19/2020,Malaysia,0,0,22,0
2/20/2020,Malaysia,0,0,22,0
2/21/2020,Malaysia,0,0,22,0
2/22/2020,Malaysia,0,0,22,0
2/23/2020,Malaysia,0,0,22,0
2/24/2020,Malaysia,0,0,22,0
2/25/2020,Malaysia,0,0,22,0
2/26/2020,Malaysia,0,0,22,0
2/27/2020,Malaysia,0,0,22,0
2/28/2020,Malaysia,2,0,24,0
2/29/2020,Malaysia,0,0,24,0
3/1/2020,Malaysia,0,0,24,0
3/2/2020,Malaysia,0,0,24,0
3/3/2020,Malaysia,5,0,29,0
3/4/2020,Malaysia,21,0,50,0
3/5/2020,Malaysia,0,0,50,0
3/6/2020,Malaysia,5,0,55,0
3/7/2020,Malaysia,28,0,83,0
3/8/2020,Malaysia,10,0,93,0
3/9/2020,Malaysia,0,0,93,0
3/10/2020,Malaysia,24,0,117,0
3/11/2020,Malaysia,12,0,129,0
3/12/2020,Malaysia,0,0,129,0
3/13/2020,Malaysia,0,0,129,0
3/14/2020,Malaysia,68,0,197,0
3/15/2020,Malaysia,41,0,238,0
3/16/2020,Malaysia,315,0,553,0
3/17/2020,Malaysia,0,0,553,0
3/8/2020,Maldives,0,0,2,0
3/9/2020,Maldives,2,0,4,0
3/10/2020,Maldives,0,0,4,0
3/11/2020,Maldives,4,0,8,0
3/12/2020,Maldives,0,0,8,0
3/13/2020,Maldives,0,0,8,0
3/14/2020,Maldives,1,0,9,0
3/15/2020,Maldives,1,0,10,0
3/16/2020,Maldives,3,0,13,0
3/17/2020,Maldives,0,0,13,0
3/8/2020,Malta,0,0,3,0
3/9/2020,Malta,0,0,3,0
3/10/2020,Malta,1,0,4,0
3/11/2020,Malta,0,0,4,0
3/12/2020,Malta,2,0,6,0
3/13/2020,Malta,3,0,9,0
3/14/2020,Malta,3,0,12,0
3/15/2020,Malta,0,0,12,0
3/16/2020,Malta,9,0,21,0
3/17/2020,Malta,9,0,30,0
3/8/2020,Martinique,0,0,2,0
3/9/2020,Martinique,0,0,2,0
3/10/2020,Martinique,0,0,2,0
3/11/2020,Martinique,1,0,3,0
3/12/2020,Martinique,0,0,3,0
3/13/2020,Martinique,1,0,4,0
3/14/2020,Martinique,2,0,6,0
3/15/2020,Martinique,4,0,10,0
3/16/2020,Martinique,5,0,15,0
3/17/2020,Martinique,1,0,16,0
3/15/2020,Mauritania,0,0,1,0
3/16/2020,Mauritania,0,0,1,0
3/17/2020,Mauritania,0,0,1,0
3/15/2020,Mayotte,0,0,1,0
3/16/2020,Mayotte,0,0,1,0
3/17/2020,Mayotte,0,0,1,0
2/29/2020,Mexico,0,0,2,0
3/1/2020,Mexico,0,0,2,0
3/2/2020,Mexico,3,0,5,0
3/3/2020,Mexico,0,0,5,0
3/4/2020,Mexico,0,0,5,0
3/5/2020,Mexico,0,0,5,0
3/6/2020,Mexico,0,0,5,0
3/7/2020,Mexico,0,0,5,0
3/8/2020,Mexico,2,0,7,0
3/9/2020,Mexico,0,0,7,0
3/10/2020,Mexico,0,0,7,0
3/11/2020,Mexico,0,0,7,0
3/12/2020,Mexico,4,0,11,0
3/13/2020,Mexico,1,0,12,0
3/14/2020,Mexico,14,0,26,0
3/15/2020,Mexico,15,0,41,0
3/16/2020,Mexico,12,0,53,0
3/17/2020,Mexico,0,0,53,0
3/1/2020,Monaco,0,0,1,0
3/2/2020,Monaco,0,0,1,0
3/3/2020,Monaco,0,0,1,0
3/4/2020,Monaco,0,0,1,0
3/5/2020,Monaco,0,0,1,0
3/6/2020,Monaco,0,0,1,0
3/7/2020,Monaco,0,0,1,0
3/8/2020,Monaco,0,0,1,0
3/9/2020,Monaco,0,0,1,0
3/10/2020,Monaco,0,0,1,0
3/11/2020,Monaco,0,0,1,0
3/12/2020,Monaco,0,0,1,0
3/13/2020,Monaco,0,0,1,0
3/14/2020,Monaco,1,0,2,0
3/15/2020,Monaco,0,0,2,0
3/16/2020,Monaco,7,0,9,0
3/17/2020,Monaco,0,0,9,0
3/10/2020,Mongolia,0,0,1,0
3/11/2020,Mongolia,0,0,1,0
3/12/2020,Mongolia,0,0,1,0
3/13/2020,Mongolia,0,0,1,0
3/14/2020,Mongolia,0,0,1,0
3/15/2020,Mongolia,0,0,1,0
3/16/2020,Mongolia,0,0,1,0
3/17/2020,Mongolia,3,0,4,0
3/3/2020,Morocco,0,0,1,0
3/4/2020,Morocco,0,0,1,0
3/5/2020,Morocco,1,0,2,0
3/6/2020,Morocco,0,0,2,0
3/7/2020,Morocco,0,0,2,0
3/8/2020,Morocco,0,0,2,0
3/9/2020,Morocco,0,0,2,0
3/10/2020,Morocco,0,0,2,0
3/11/2020,Morocco,1,0,3,1
3/12/2020,Morocco,2,0,5,1
3/13/2020,Morocco,1,0,6,1
3/14/2020,Morocco,1,0,7,1
3/15/2020,Morocco,11,0,18,1
3/16/2020,Morocco,10,0,28,1
3/17/2020,Morocco,10,1,38,2
3/15/2020,Namibia,0,0,2,0
3/16/2020,Namibia,0,0,2,0
3/17/2020,Namibia,0,0,2,0
1/25/2020,Nepal,0,0,1,0
1/26/2020,Nepal,0,0,1,0
1/27/2020,Nepal,0,0,1,0
1/28/2020,Nepal,0,0,1,0
1/29/2020,Nepal,0,0,1,0
1/30/2020,Nepal,0,0,1,0
1/31/2020,Nepal,0,0,1,0
2/1/2020,Nepal,0,0,1,0
2/2/2020,Nepal,0,0,1,0
2/3/2020,Nepal,0,0,1,0
2/4/2020,Nepal,0,0,1,0
2/5/2020,Nepal,0,0,1,0
2/6/2020,Nepal,0,0,1,0
2/7/2020,Nepal,0,0,1,0
2/8/2020,Nepal,0,0,1,0
2/9/2020,Nepal,0,0,1,0
2/10/2020,Nepal,0,0,1,0
2/11/2020,Nepal,0,0,1,0
2/12/2020,Nepal,0,0,1,0
2/13/2020,Nepal,0,0,1,0
2/14/2020,Nepal,0,0,1,0
2/15/2020,Nepal,0,0,1,0
2/16/2020,Nepal,0,0,1,0
2/17/2020,Nepal,0,0,1,0
2/18/2020,Nepal,0,0,1,0
2/19/2020,Nepal,0,0,1,0
2/20/2020,Nepal,0,0,1,0
2/21/2020,Nepal,0,0,1,0
2/22/2020,Nepal,0,0,1,0
2/23/2020,Nepal,0,0,1,0
2/24/2020,Nepal,0,0,1,0
2/25/2020,Nepal,0,0,1,0
2/26/2020,Nepal,0,0,1,0
2/27/2020,Nepal,0,0,1,0
2/28/2020,Nepal,0,0,1,0
2/29/2020,Nepal,0,0,1,0
3/1/2020,Nepal,0,0,1,0
3/2/2020,Nepal,0,0,1,0
3/3/2020,Nepal,0,0,1,0
3/4/2020,Nepal,0,0,1,0
3/5/2020,Nepal,0,0,1,0
3/6/2020,Nepal,0,0,1,0
3/7/2020,Nepal,0,0,1,0
3/8/2020,Nepal,0,0,1,0
3/9/2020,Nepal,0,0,1,0
3/10/2020,Nepal,0,0,1,0
3/11/2020,Nepal,0,0,1,0
3/12/2020,Nepal,0,0,1,0
3/13/2020,Nepal,0,0,1,0
3/14/2020,Nepal,0,0,1,0
3/15/2020,Nepal,0,0,1,0
3/16/2020,Nepal,0,0,1,0
3/17/2020,Nepal,0,0,1,0
2/28/2020,Netherlands,0,0,1,0
2/29/2020,Netherlands,1,0,2,0
3/1/2020,Netherlands,5,0,7,0
3/2/2020,Netherlands,6,0,13,0
3/3/2020,Netherlands,5,0,18,0
3/4/2020,Netherlands,10,0,28,0
3/5/2020,Netherlands,10,0,38,0
3/6/2020,Netherlands,44,0,82,0
3/7/2020,Netherlands,46,0,128,1
3/8/2020,Netherlands,60,0,188,1
3/9/2020,Netherlands,77,2,265,3
3/10/2020,Netherlands,56,0,321,3
3/11/2020,Netherlands,61,1,382,4
3/12/2020,Netherlands,121,1,503,5
3/13/2020,Netherlands,111,0,614,5
3/14/2020,Netherlands,190,5,804,10
3/15/2020,Netherlands,155,2,959,12
3/16/2020,Netherlands,176,8,1135,20
3/17/2020,Netherlands,278,4,1413,24
2/28/2020,New Zealand,0,0,1,0
2/29/2020,New Zealand,0,0,1,0
3/1/2020,New Zealand,0,0,1,0
3/2/2020,New Zealand,0,0,1,0
3/3/2020,New Zealand,1,0,2,0
3/4/2020,New Zealand,0,0,2,0
3/5/2020,New Zealand,0,0,2,0
3/6/2020,New Zealand,2,0,4,0
3/7/2020,New Zealand,1,0,5,0
3/8/2020,New Zealand,0,0,5,0
3/9/2020,New Zealand,0,0,5,0
3/10/2020,New Zealand,0,0,5,0
3/11/2020,New Zealand,0,0,5,0
3/12/2020,New Zealand,0,0,5,0
3/13/2020,New Zealand,0,0,5,0
3/14/2020,New Zealand,1,0,6,0
3/15/2020,New Zealand,0,0,6,0
3/16/2020,New Zealand,0,0,6,0
3/17/2020,New Zealand,5,0,11,0
2/28/2020,Nigeria,0,0,1,0
2/29/2020,Nigeria,0,0,1,0
3/1/2020,Nigeria,0,0,1,0
3/2/2020,Nigeria,0,0,1,0
3/3/2020,Nigeria,0,0,1,0
3/4/2020,Nigeria,0,0,1,0
3/5/2020,Nigeria,0,0,1,0
3/6/2020,Nigeria,0,0,1,0
3/7/2020,Nigeria,0,0,1,0
3/8/2020,Nigeria,0,0,1,0
3/9/2020,Nigeria,1,0,2,0
3/10/2020,Nigeria,0,0,2,0
3/11/2020,Nigeria,0,0,2,0
3/12/2020,Nigeria,0,0,2,0
3/13/2020,Nigeria,0,0,2,0
3/14/2020,Nigeria,0,0,2,0
3/15/2020,Nigeria,0,0,2,0
3/16/2020,Nigeria,0,0,2,0
3/17/2020,Nigeria,0,0,2,0
2/27/2020,Macedonia,0,0,1,0
2/28/2020,Macedonia,0,0,1,0
2/29/2020,Macedonia,0,0,1,0
3/1/2020,Macedonia,0,0,1,0
3/2/2020,Macedonia,0,0,1,0
3/3/2020,Macedonia,0,0,1,0
3/4/2020,Macedonia,0,0,1,0
3/5/2020,Macedonia,0,0,1,0
3/6/2020,Macedonia,0,0,1,0
3/7/2020,Macedonia,2,0,3,0
3/8/2020,Macedonia,0,0,3,0
3/9/2020,Macedonia,0,0,3,0
3/10/2020,Macedonia,4,0,7,0
3/11/2020,Macedonia,0,0,7,0
3/12/2020,Macedonia,0,0,7,0
3/13/2020,Macedonia,0,0,7,0
3/14/2020,Macedonia,2,0,9,0
3/15/2020,Macedonia,4,0,13,0
3/16/2020,Macedonia,0,0,13,0
3/17/2020,Macedonia,6,0,19,0
2/27/2020,Norway,0,0,1,0
2/28/2020,Norway,3,0,4,0
2/29/2020,Norway,2,0,6,0
3/1/2020,Norway,9,0,15,0
3/2/2020,Norway,4,0,19,0
3/3/2020,Norway,6,0,25,0
3/4/2020,Norway,7,0,32,0
3/5/2020,Norway,24,0,56,0
3/6/2020,Norway,30,0,86,0
3/7/2020,Norway,27,0,113,0
3/8/2020,Norway,34,0,147,0
3/9/2020,Norway,22,0,169,0
3/10/2020,Norway,23,0,192,0
3/11/2020,Norway,85,0,277,0
3/12/2020,Norway,212,0,489,0
3/13/2020,Norway,0,0,489,1
3/14/2020,Norway,261,0,750,1
3/15/2020,Norway,157,0,907,1
3/16/2020,Norway,170,0,1077,1
3/17/2020,Norway,92,2,1169,3
3/5/2020,Palestine,0,0,4,0
3/6/2020,Palestine,3,0,7,0
3/7/2020,Palestine,9,0,16,0
3/8/2020,Palestine,0,0,16,0
3/9/2020,Palestine,3,0,19,0
3/10/2020,Palestine,7,0,26,0
3/11/2020,Palestine,4,0,30,0
3/12/2020,Palestine,0,0,30,0
3/13/2020,Palestine,1,0,31,0
3/14/2020,Palestine,4,0,35,0
3/15/2020,Palestine,3,0,38,0
3/16/2020,Palestine,0,0,38,0
3/17/2020,Palestine,1,0,39,0
2/25/2020,Oman,0,0,2,0
2/26/2020,Oman,2,0,4,0
2/27/2020,Oman,0,0,4,0
2/28/2020,Oman,2,0,6,0
2/29/2020,Oman,0,0,6,0
3/1/2020,Oman,0,0,6,0
3/2/2020,Oman,0,0,6,0
3/3/2020,Oman,0,0,6,0
3/4/2020,Oman,6,0,12,0
3/5/2020,Oman,3,0,15,0
3/6/2020,Oman,1,0,16,0
3/7/2020,Oman,0,0,16,0
3/8/2020,Oman,0,0,16,0
3/9/2020,Oman,0,0,16,0
3/10/2020,Oman,2,0,18,0
3/11/2020,Oman,0,0,18,0
3/12/2020,Oman,0,0,18,0
3/13/2020,Oman,0,0,18,0
3/14/2020,Oman,1,0,19,0
3/15/2020,Oman,1,0,20,0
3/16/2020,Oman,2,0,22,0
3/17/2020,Oman,2,0,24,0
2/27/2020,Pakistan,0,0,2,0
2/28/2020,Pakistan,0,0,2,0
2/29/2020,Pakistan,0,0,2,0
3/1/2020,Pakistan,2,0,4,0
3/2/2020,Pakistan,0,0,4,0
3/3/2020,Pakistan,1,0,5,0
3/4/2020,Pakistan,0,0,5,0
3/5/2020,Pakistan,0,0,5,0
3/6/2020,Pakistan,0,0,5,0
3/7/2020,Pakistan,0,0,5,0
3/8/2020,Pakistan,0,0,5,0
3/9/2020,Pakistan,1,0,6,0
3/10/2020,Pakistan,10,0,16,0
3/11/2020,Pakistan,0,0,16,0
3/12/2020,Pakistan,3,0,19,0
3/13/2020,Pakistan,1,0,20,0
3/14/2020,Pakistan,1,0,21,0
3/15/2020,Pakistan,7,0,28,0
3/16/2020,Pakistan,24,0,52,0
3/17/2020,Pakistan,135,0,187,0
3/10/2020,Panama,0,0,1,0
3/11/2020,Panama,7,0,8,1
3/12/2020,Panama,2,0,10,1
3/13/2020,Panama,4,0,14,1
3/14/2020,Panama,13,0,27,1
3/15/2020,Panama,0,0,27,1
3/16/2020,Panama,16,0,43,1
3/17/2020,Panama,26,0,69,1
3/9/2020,Paraguay,0,0,1,0
3/10/2020,Paraguay,0,0,1,0
3/11/2020,Paraguay,4,0,5,0
3/12/2020,Paraguay,0,0,5,0
3/13/2020,Paraguay,0,0,5,0
3/14/2020,Paraguay,1,0,6,0
3/15/2020,Paraguay,0,0,6,0
3/16/2020,Paraguay,2,0,8,0
3/17/2020,Paraguay,1,0,9,0
3/7/2020,Peru,0,0,1,0
3/8/2020,Peru,5,0,6,0
3/9/2020,Peru,0,0,6,0
3/10/2020,Peru,3,0,9,0
3/11/2020,Peru,2,0,11,0
3/12/2020,Peru,6,0,17,0
3/13/2020,Peru,5,0,22,0
3/14/2020,Peru,6,0,28,0
3/15/2020,Peru,15,0,43,0
3/16/2020,Peru,28,0,71,0
3/17/2020,Peru,15,0,86,0
1/30/2020,Philippines,0,0,1,0
1/31/2020,Philippines,0,0,1,0
2/1/2020,Philippines,0,0,1,0
2/2/2020,Philippines,1,0,2,1
2/3/2020,Philippines,0,0,2,1
2/4/2020,Philippines,0,0,2,1
2/5/2020,Philippines,1,0,3,1
2/6/2020,Philippines,0,0,3,1
2/7/2020,Philippines,0,0,3,1
2/8/2020,Philippines,0,0,3,1
2/9/2020,Philippines,0,0,3,1
2/10/2020,Philippines,0,0,3,1
2/11/2020,Philippines,0,0,3,1
2/12/2020,Philippines,0,0,3,1
2/13/2020,Philippines,0,0,3,1
2/14/2020,Philippines,0,0,3,1
2/15/2020,Philippines,0,0,3,1
2/16/2020,Philippines,0,0,3,1
2/17/2020,Philippines,0,0,3,1
2/18/2020,Philippines,0,0,3,1
2/19/2020,Philippines,0,0,3,1
2/20/2020,Philippines,0,0,3,1
2/21/2020,Philippines,0,0,3,1
2/22/2020,Philippines,0,0,3,1
2/23/2020,Philippines,0,0,3,1
2/24/2020,Philippines,0,0,3,1
2/25/2020,Philippines,0,0,3,1
2/26/2020,Philippines,0,0,3,1
2/27/2020,Philippines,0,0,3,1
2/28/2020,Philippines,0,0,3,1
2/29/2020,Philippines,0,0,3,1
3/1/2020,Philippines,0,0,3,1
3/2/2020,Philippines,0,0,3,1
3/3/2020,Philippines,0,0,3,1
3/4/2020,Philippines,0,0,3,1
3/5/2020,Philippines,0,0,3,1
3/6/2020,Philippines,2,0,5,1
3/7/2020,Philippines,0,0,5,1
3/8/2020,Philippines,1,0,6,1
3/9/2020,Philippines,4,0,10,1
3/10/2020,Philippines,23,0,33,1
3/11/2020,Philippines,16,0,49,1
3/12/2020,Philippines,3,1,52,2
3/13/2020,Philippines,0,0,52,2
3/14/2020,Philippines,12,0,64,2
3/15/2020,Philippines,47,4,111,6
3/16/2020,Philippines,29,6,140,12
3/17/2020,Philippines,47,0,187,12
3/4/2020,Poland,0,0,1,0
3/5/2020,Poland,0,0,1,0
3/6/2020,Poland,0,0,1,0
3/7/2020,Poland,4,0,5,0
3/8/2020,Poland,1,0,6,0
3/9/2020,Poland,5,0,11,0
3/10/2020,Poland,5,0,16,0
3/11/2020,Poland,6,0,22,0
3/12/2020,Poland,22,0,44,0
3/13/2020,Poland,5,0,49,1
3/14/2020,Poland,15,0,64,1
3/15/2020,Poland,47,2,111,3
3/16/2020,Poland,39,0,150,3
3/17/2020,Poland,0,0,150,3
3/3/2020,Portugal,0,0,2,0
3/4/2020,Portugal,0,0,2,0
3/5/2020,Portugal,5,0,7,0
3/6/2020,Portugal,2,0,9,0
3/7/2020,Portugal,4,0,13,0
3/8/2020,Portugal,8,0,21,0
3/9/2020,Portugal,9,0,30,0
3/10/2020,Portugal,0,0,30,0
3/11/2020,Portugal,11,0,41,0
3/12/2020,Portugal,0,0,41,0
3/13/2020,Portugal,0,0,41,0
3/14/2020,Portugal,71,0,112,0
3/15/2020,Portugal,0,0,112,0
3/16/2020,Portugal,133,0,245,0
3/17/2020,Portugal,86,0,331,0
3/14/2020,Puerto Rico,0,0,3,0
3/15/2020,Puerto Rico,0,0,3,0
3/16/2020,Puerto Rico,0,0,3,0
3/17/2020,Puerto Rico,0,0,3,0
3/1/2020,Qatar,0,0,1,0
3/2/2020,Qatar,2,0,3,0
3/3/2020,Qatar,4,0,7,0
3/4/2020,Qatar,1,0,8,0
3/5/2020,Qatar,0,0,8,0
3/6/2020,Qatar,0,0,8,0
3/7/2020,Qatar,3,0,11,0
3/8/2020,Qatar,1,0,12,0
3/9/2020,Qatar,3,0,15,0
3/10/2020,Qatar,3,0,18,0
3/11/2020,Qatar,6,0,24,0
3/12/2020,Qatar,238,0,262,0
3/13/2020,Qatar,0,0,262,0
3/14/2020,Qatar,0,0,262,0
3/15/2020,Qatar,75,0,337,0
3/16/2020,Qatar,64,0,401,0
3/17/2020,Qatar,38,0,439,0
1/21/2020,South Korea,0,0,1,0
1/22/2020,South Korea,0,0,1,0
1/23/2020,South Korea,0,0,1,0
1/24/2020,South Korea,1,0,2,0
1/25/2020,South Korea,0,0,2,0
1/26/2020,South Korea,0,0,2,0
1/27/2020,South Korea,2,0,4,0
1/28/2020,South Korea,0,0,4,0
1/29/2020,South Korea,0,0,4,0
1/30/2020,South Korea,0,0,4,0
1/31/2020,South Korea,7,0,11,0
2/1/2020,South Korea,1,0,12,0
2/2/2020,South Korea,3,0,15,0
2/3/2020,South Korea,0,0,15,0
2/4/2020,South Korea,1,0,16,0
2/5/2020,South Korea,2,0,18,0
2/6/2020,South Korea,5,0,23,0
2/7/2020,South Korea,1,0,24,0
2/8/2020,South Korea,0,0,24,0
2/9/2020,South Korea,3,0,27,0
2/10/2020,South Korea,0,0,27,0
2/11/2020,South Korea,1,0,28,0
2/12/2020,South Korea,0,0,28,0
2/13/2020,South Korea,0,0,28,0
2/14/2020,South Korea,0,0,28,0
2/15/2020,South Korea,0,0,28,0
2/16/2020,South Korea,1,0,29,0
2/17/2020,South Korea,1,0,30,0
2/18/2020,South Korea,1,0,31,0
2/19/2020,South Korea,20,0,51,0
2/20/2020,South Korea,53,0,104,1
2/21/2020,South Korea,100,0,204,1
2/22/2020,South Korea,142,1,346,2
2/23/2020,South Korea,256,3,602,5
2/24/2020,South Korea,161,2,763,7
2/25/2020,South Korea,214,3,977,10
2/26/2020,South Korea,284,2,1261,12
2/27/2020,South Korea,505,1,1766,13
2/28/2020,South Korea,571,0,2337,13
2/29/2020,South Korea,813,4,3150,17
3/1/2020,South Korea,586,1,3736,18
3/2/2020,South Korea,476,4,4212,22
3/3/2020,South Korea,600,6,4812,28
3/4/2020,South Korea,516,4,5328,32
3/5/2020,South Korea,438,3,5766,35
3/6/2020,South Korea,518,7,6284,42
3/7/2020,South Korea,483,2,6767,44
3/8/2020,South Korea,367,6,7134,50
3/9/2020,South Korea,248,1,7382,51
3/10/2020,South Korea,131,3,7513,54
3/11/2020,South Korea,242,6,7755,60
3/12/2020,South Korea,114,6,7869,66
3/13/2020,South Korea,110,0,7979,66
3/14/2020,South Korea,107,6,8086,72
3/15/2020,South Korea,76,3,8162,75
3/16/2020,South Korea,74,0,8236,75
3/17/2020,South Korea,84,6,8320,81
3/8/2020,Moldova,0,0,1,0
3/9/2020,Moldova,0,0,1,0
3/10/2020,Moldova,0,0,1,0
3/11/2020,Moldova,2,0,3,0
3/12/2020,Moldova,1,0,4,0
3/13/2020,Moldova,0,0,4,0
3/14/2020,Moldova,4,0,8,0
3/15/2020,Moldova,4,0,12,0
3/16/2020,Moldova,11,0,23,0
3/17/2020,Moldova,6,0,29,0
2/27/2020,Romania,0,0,1,0
2/28/2020,Romania,0,0,1,0
2/29/2020,Romania,2,0,3,0
3/1/2020,Romania,0,0,3,0
3/2/2020,Romania,0,0,3,0
3/3/2020,Romania,0,0,3,0
3/4/2020,Romania,1,0,4,0
3/5/2020,Romania,0,0,4,0
3/6/2020,Romania,2,0,6,0
3/7/2020,Romania,1,0,7,0
3/8/2020,Romania,6,0,13,0
3/9/2020,Romania,2,0,15,0
3/10/2020,Romania,0,0,15,0
3/11/2020,Romania,10,0,25,0
3/12/2020,Romania,23,0,48,0
3/13/2020,Romania,0,0,48,0
3/14/2020,Romania,16,0,64,0
3/15/2020,Romania,59,0,123,0
3/16/2020,Romania,35,0,158,0
3/17/2020,Romania,0,0,158,0
2/1/2020,Russia,0,0,2,0
2/2/2020,Russia,0,0,2,0
2/3/2020,Russia,0,0,2,0
2/4/2020,Russia,0,0,2,0
2/5/2020,Russia,0,0,2,0
2/6/2020,Russia,0,0,2,0
2/7/2020,Russia,0,0,2,0
2/8/2020,Russia,0,0,2,0
2/9/2020,Russia,0,0,2,0
2/10/2020,Russia,0,0,2,0
2/11/2020,Russia,0,0,2,0
2/12/2020,Russia,0,0,2,0
2/13/2020,Russia,0,0,2,0
2/14/2020,Russia,0,0,2,0
2/15/2020,Russia,0,0,2,0
2/16/2020,Russia,0,0,2,0
2/17/2020,Russia,0,0,2,0
2/18/2020,Russia,0,0,2,0
2/19/2020,Russia,0,0,2,0
2/20/2020,Russia,0,0,2,0
2/21/2020,Russia,0,0,2,0
2/22/2020,Russia,0,0,2,0
2/23/2020,Russia,0,0,2,0
2/24/2020,Russia,0,0,2,0
2/25/2020,Russia,0,0,2,0
2/26/2020,Russia,0,0,2,0
2/27/2020,Russia,0,0,2,0
2/28/2020,Russia,0,0,2,0
2/29/2020,Russia,0,0,2,0
3/1/2020,Russia,0,0,2,0
3/2/2020,Russia,0,0,2,0
3/3/2020,Russia,1,0,3,0
3/4/2020,Russia,0,0,3,0
3/5/2020,Russia,0,0,3,0
3/6/2020,Russia,1,0,4,0
3/7/2020,Russia,3,0,7,0
3/8/2020,Russia,0,0,7,0
3/9/2020,Russia,0,0,7,0
3/10/2020,Russia,0,0,7,0
3/11/2020,Russia,0,0,7,0
3/12/2020,Russia,13,0,20,0
3/13/2020,Russia,14,0,34,0
3/14/2020,Russia,0,0,34,0
3/15/2020,Russia,0,0,34,0
3/16/2020,Russia,29,0,63,0
3/17/2020,Russia,30,0,93,0
3/16/2020,Rwanda,0,0,5,0
3/17/2020,Rwanda,2,0,7,0
3/13/2020,Reunion,0,0,3,0
3/14/2020,Reunion,2,0,5,0
3/15/2020,Reunion,1,0,6,0
3/16/2020,Reunion,3,0,9,0
3/17/2020,Reunion,0,0,9,0
3/5/2020,Saint Barthlemy,0,0,1,0
3/6/2020,Saint Barthlemy,0,0,1,0
3/7/2020,Saint Barthlemy,0,0,1,0
3/8/2020,Saint Barthlemy,0,0,1,0
3/9/2020,Saint Barthlemy,0,0,1,0
3/10/2020,Saint Barthlemy,0,0,1,0
3/11/2020,Saint Barthlemy,0,0,1,0
3/12/2020,Saint Barthlemy,0,0,1,0
3/13/2020,Saint Barthlemy,0,0,1,0
3/14/2020,Saint Barthlemy,0,0,1,0
3/15/2020,Saint Barthlemy,0,0,1,0
3/16/2020,Saint Barthlemy,2,0,3,0
3/17/2020,Saint Barthlemy,0,0,3,0
3/16/2020,Saint Lucia,0,0,1,0
3/17/2020,Saint Lucia,1,0,2,0
3/5/2020,Saint Martin (French part),0,0,2,0
3/6/2020,Saint Martin (French part),0,0,2,0
3/7/2020,Saint Martin (French part),0,0,2,0
3/8/2020,Saint Martin (French part),0,0,2,0
3/9/2020,Saint Martin (French part),0,0,2,0
3/10/2020,Saint Martin (French part),0,0,2,0
3/11/2020,Saint Martin (French part),0,0,2,0
3/12/2020,Saint Martin (French part),0,0,2,0
3/13/2020,Saint Martin (French part),0,0,2,0
3/14/2020,Saint Martin (French part),0,0,2,0
3/15/2020,Saint Martin (French part),0,0,2,0
3/16/2020,Saint Martin (French part),0,0,2,0
3/17/2020,Saint Martin (French part),0,0,2,0
3/13/2020,Saint Vincent and the Grenadines,0,0,1,0
3/14/2020,Saint Vincent and the Grenadines,0,0,1,0
3/15/2020,Saint Vincent and the Grenadines,0,0,1,0
3/16/2020,Saint Vincent and the Grenadines,0,0,1,0
3/17/2020,Saint Vincent and the Grenadines,0,0,1,0
2/29/2020,San Marino,0,0,1,0
3/1/2020,San Marino,0,0,1,0
3/2/2020,San Marino,0,0,1,0
3/3/2020,San Marino,7,0,8,0
3/4/2020,San Marino,0,0,8,0
3/5/2020,San Marino,8,0,16,0
3/6/2020,San Marino,5,0,21,0
3/7/2020,San Marino,3,0,24,0
3/8/2020,San Marino,3,0,27,1
3/9/2020,San Marino,10,0,37,1
3/10/2020,San Marino,12,1,49,2
3/11/2020,San Marino,14,0,63,2
3/12/2020,San Marino,0,0,63,2
3/13/2020,San Marino,0,0,63,2
3/14/2020,San Marino,3,0,66,2
3/15/2020,San Marino,26,3,92,5
3/16/2020,San Marino,0,0,92,5
3/17/2020,San Marino,10,4,102,9
3/3/2020,Saudi Arabia,0,0,1,0
3/4/2020,Saudi Arabia,0,0,1,0
3/5/2020,Saudi Arabia,1,0,2,0
3/6/2020,Saudi Arabia,6,0,8,0
3/7/2020,Saudi Arabia,0,0,8,0
3/8/2020,Saudi Arabia,3,0,11,0
3/9/2020,Saudi Arabia,4,0,15,0
3/10/2020,Saudi Arabia,0,0,15,0
3/11/2020,Saudi Arabia,5,0,20,0
3/12/2020,Saudi Arabia,1,0,21,0
3/13/2020,Saudi Arabia,0,0,21,0
3/14/2020,Saudi Arabia,41,0,62,0
3/15/2020,Saudi Arabia,41,0,103,0
3/16/2020,Saudi Arabia,0,0,103,0
3/17/2020,Saudi Arabia,30,0,133,0
3/3/2020,Senegal,0,0,1,0
3/4/2020,Senegal,0,0,1,0
3/5/2020,Senegal,3,0,4,0
3/6/2020,Senegal,0,0,4,0
3/7/2020,Senegal,0,0,4,0
3/8/2020,Senegal,0,0,4,0
3/9/2020,Senegal,0,0,4,0
3/10/2020,Senegal,0,0,4,0
3/11/2020,Senegal,0,0,4,0
3/12/2020,Senegal,0,0,4,0
3/13/2020,Senegal,6,0,10,0
3/14/2020,Senegal,0,0,10,0
3/15/2020,Senegal,11,0,21,0
3/16/2020,Senegal,5,0,26,0
3/17/2020,Senegal,1,0,27,0
3/6/2020,Serbia,0,0,1,0
3/7/2020,Serbia,0,0,1,0
3/8/2020,Serbia,0,0,1,0
3/9/2020,Serbia,0,0,1,0
3/10/2020,Serbia,0,0,1,0
3/11/2020,Serbia,11,0,12,0
3/12/2020,Serbia,7,0,19,0
3/13/2020,Serbia,0,0,19,0
3/14/2020,Serbia,12,0,31,0
3/15/2020,Serbia,10,0,41,0
3/16/2020,Serbia,0,0,41,0
3/17/2020,Serbia,29,0,70,0
3/16/2020,Seychelles,0,0,2,0
3/17/2020,Seychelles,2,0,4,0
1/24/2020,Singapore,0,0,1,0
1/25/2020,Singapore,2,0,3,0
1/26/2020,Singapore,1,0,4,0
1/27/2020,Singapore,0,0,4,0
1/28/2020,Singapore,3,0,7,0
1/29/2020,Singapore,0,0,7,0
1/30/2020,Singapore,3,0,10,0
1/31/2020,Singapore,3,0,13,0
2/1/2020,Singapore,3,0,16,0
2/2/2020,Singapore,2,0,18,0
2/3/2020,Singapore,0,0,18,0
2/4/2020,Singapore,0,0,18,0
2/5/2020,Singapore,6,0,24,0
2/6/2020,Singapore,4,0,28,0
2/7/2020,Singapore,2,0,30,0
2/8/2020,Singapore,3,0,33,0
2/9/2020,Singapore,7,0,40,0
2/10/2020,Singapore,3,0,43,0
2/11/2020,Singapore,2,0,45,0
2/12/2020,Singapore,2,0,47,0
2/13/2020,Singapore,3,0,50,0
2/14/2020,Singapore,8,0,58,0
2/15/2020,Singapore,9,0,67,0
2/16/2020,Singapore,5,0,72,0
2/17/2020,Singapore,3,0,75,0
2/18/2020,Singapore,2,0,77,0
2/19/2020,Singapore,4,0,81,0
2/20/2020,Singapore,3,0,84,0
2/21/2020,Singapore,1,0,85,0
2/22/2020,Singapore,1,0,86,0
2/23/2020,Singapore,3,0,89,0
2/24/2020,Singapore,0,0,89,0
2/25/2020,Singapore,1,0,90,0
2/26/2020,Singapore,1,0,91,0
2/27/2020,Singapore,2,0,93,0
2/28/2020,Singapore,3,0,96,0
2/29/2020,Singapore,2,0,98,0
3/1/2020,Singapore,4,0,102,0
3/2/2020,Singapore,4,0,106,0
3/3/2020,Singapore,2,0,108,0
3/4/2020,Singapore,2,0,110,0
3/5/2020,Singapore,0,0,110,0
3/6/2020,Singapore,7,0,117,0
3/7/2020,Singapore,13,0,130,0
3/8/2020,Singapore,8,0,138,0
3/9/2020,Singapore,12,0,150,0
3/10/2020,Singapore,10,0,160,0
3/11/2020,Singapore,6,0,166,0
3/12/2020,Singapore,12,0,178,0
3/13/2020,Singapore,9,0,187,0
3/14/2020,Singapore,13,0,200,0
3/15/2020,Singapore,12,0,212,0
3/16/2020,Singapore,31,0,243,0
3/17/2020,Singapore,0,0,243,0
3/7/2020,Slovakia,0,0,1,0
3/8/2020,Slovakia,2,0,3,0
3/9/2020,Slovakia,2,0,5,0
3/10/2020,Slovakia,2,0,7,0
3/11/2020,Slovakia,0,0,7,0
3/12/2020,Slovakia,3,0,10,0
3/13/2020,Slovakia,11,0,21,0
3/14/2020,Slovakia,9,0,30,0
3/15/2020,Slovakia,14,0,44,0
3/16/2020,Slovakia,17,0,61,0
3/17/2020,Slovakia,11,0,72,0
3/5/2020,Slovenia,0,0,1,0
3/6/2020,Slovenia,5,0,6,0
3/7/2020,Slovenia,3,0,9,0
3/8/2020,Slovenia,3,0,12,0
3/9/2020,Slovenia,4,0,16,0
3/10/2020,Slovenia,7,0,23,0
3/11/2020,Slovenia,8,0,31,0
3/12/2020,Slovenia,26,0,57,0
3/13/2020,Slovenia,0,0,57,0
3/14/2020,Slovenia,84,0,141,0
3/15/2020,Slovenia,0,0,141,0
3/16/2020,Slovenia,78,0,219,0
3/17/2020,Slovenia,34,0,253,0
3/17/2020,Somalia,0,0,1,0
3/6/2020,South Africa,0,0,1,0
3/7/2020,South Africa,0,0,1,0
3/8/2020,South Africa,1,0,2,0
3/9/2020,South Africa,1,0,3,0
3/10/2020,South Africa,4,0,7,0
3/11/2020,South Africa,0,0,7,0
3/12/2020,South Africa,6,0,13,0
3/13/2020,South Africa,4,0,17,0
3/14/2020,South Africa,0,0,17,0
3/15/2020,South Africa,21,0,38,0
3/16/2020,South Africa,13,0,51,0
3/17/2020,South Africa,11,0,62,0
2/1/2020,Spain,0,0,1,0
2/2/2020,Spain,0,0,1,0
2/3/2020,Spain,0,0,1,0
2/4/2020,Spain,0,0,1,0
2/5/2020,Spain,0,0,1,0
2/6/2020,Spain,0,0,1,0
2/7/2020,Spain,0,0,1,0
2/8/2020,Spain,0,0,1,0
2/9/2020,Spain,0,0,1,0
2/10/2020,Spain,1,0,2,0
2/11/2020,Spain,0,0,2,0
2/12/2020,Spain,0,0,2,0
2/13/2020,Spain,0,0,2,0
2/14/2020,Spain,0,0,2,0
2/15/2020,Spain,0,0,2,0
2/16/2020,Spain,0,0,2,0
2/17/2020,Spain,0,0,2,0
2/18/2020,Spain,0,0,2,0
2/19/2020,Spain,0,0,2,0
2/20/2020,Spain,0,0,2,0
2/21/2020,Spain,0,0,2,0
2/22/2020,Spain,0,0,2,0
2/23/2020,Spain,0,0,2,0
2/24/2020,Spain,0,0,2,0
2/25/2020,Spain,0,0,2,0
2/26/2020,Spain,0,0,2,0
2/27/2020,Spain,10,0,12,0
2/28/2020,Spain,13,0,25,0
2/29/2020,Spain,7,0,32,0
3/1/2020,Spain,13,0,45,0
3/2/2020,Spain,0,0,45,0
3/3/2020,Spain,69,0,114,0
3/4/2020,Spain,37,0,151,0
3/5/2020,Spain,47,0,198,1
3/6/2020,Spain,59,2,257,3
3/7/2020,Spain,117,2,374,5
3/8/2020,Spain,56,0,430,5
3/9/2020,Spain,159,5,589,10
3/10/2020,Spain,435,18,1024,28
3/11/2020,Spain,615,8,1639,36
3/12/2020,Spain,501,12,2140,48
3/13/2020,Spain,825,36,2965,84
3/14/2020,Spain,1266,36,4231,120
3/15/2020,Spain,1522,16,5753,136
3/16/2020,Spain,2000,152,7753,288
3/17/2020,Spain,1438,21,9191,309
1/28/2020,Sri Lanka,0,0,1,0
1/29/2020,Sri Lanka,0,0,1,0
1/30/2020,Sri Lanka,0,0,1,0
1/31/2020,Sri Lanka,0,0,1,0
2/1/2020,Sri Lanka,0,0,1,0
2/2/2020,Sri Lanka,0,0,1,0
2/3/2020,Sri Lanka,0,0,1,0
2/4/2020,Sri Lanka,0,0,1,0
2/5/2020,Sri Lanka,0,0,1,0
2/6/2020,Sri Lanka,0,0,1,0
2/7/2020,Sri Lanka,0,0,1,0
2/8/2020,Sri Lanka,0,0,1,0
2/9/2020,Sri Lanka,0,0,1,0
2/10/2020,Sri Lanka,0,0,1,0
2/11/2020,Sri Lanka,0,0,1,0
2/12/2020,Sri Lanka,0,0,1,0
2/13/2020,Sri Lanka,0,0,1,0
2/14/2020,Sri Lanka,0,0,1,0
2/15/2020,Sri Lanka,0,0,1,0
2/16/2020,Sri Lanka,0,0,1,0
2/17/2020,Sri Lanka,0,0,1,0
2/18/2020,Sri Lanka,0,0,1,0
2/19/2020,Sri Lanka,0,0,1,0
2/20/2020,Sri Lanka,0,0,1,0
2/21/2020,Sri Lanka,0,0,1,0
2/22/2020,Sri Lanka,0,0,1,0
2/23/2020,Sri Lanka,0,0,1,0
2/24/2020,Sri Lanka,0,0,1,0
2/25/2020,Sri Lanka,0,0,1,0
2/26/2020,Sri Lanka,0,0,1,0
2/27/2020,Sri Lanka,0,0,1,0
2/28/2020,Sri Lanka,0,0,1,0
2/29/2020,Sri Lanka,0,0,1,0
3/1/2020,Sri Lanka,0,0,1,0
3/2/2020,Sri Lanka,0,0,1,0
3/3/2020,Sri Lanka,0,0,1,0
3/4/2020,Sri Lanka,0,0,1,0
3/5/2020,Sri Lanka,0,0,1,0
3/6/2020,Sri Lanka,0,0,1,0
3/7/2020,Sri Lanka,0,0,1,0
3/8/2020,Sri Lanka,0,0,1,0
3/9/2020,Sri Lanka,0,0,1,0
3/10/2020,Sri Lanka,0,0,1,0
3/11/2020,Sri Lanka,0,0,1,0
3/12/2020,Sri Lanka,1,0,2,0
3/13/2020,Sri Lanka,1,0,3,0
3/14/2020,Sri Lanka,3,0,6,0
3/15/2020,Sri Lanka,5,0,11,0
3/16/2020,Sri Lanka,8,0,19,0
3/17/2020,Sri Lanka,10,0,29,0
3/14/2020,Sudan,0,0,1,0
3/15/2020,Sudan,0,0,1,0
3/16/2020,Sudan,0,0,1,1
3/17/2020,Sudan,1,0,2,1
3/16/2020,Suriname,0,0,1,0
3/17/2020,Suriname,0,0,1,0
2/1/2020,Sweden,0,0,1,0
2/2/2020,Sweden,0,0,1,0
2/3/2020,Sweden,0,0,1,0
2/4/2020,Sweden,0,0,1,0
2/5/2020,Sweden,0,0,1,0
2/6/2020,Sweden,0,0,1,0
2/7/2020,Sweden,0,0,1,0
2/8/2020,Sweden,0,0,1,0
2/9/2020,Sweden,0,0,1,0
2/10/2020,Sweden,0,0,1,0
2/11/2020,Sweden,0,0,1,0
2/12/2020,Sweden,0,0,1,0
2/13/2020,Sweden,0,0,1,0
2/14/2020,Sweden,0,0,1,0
2/15/2020,Sweden,0,0,1,0
2/16/2020,Sweden,0,0,1,0
2/17/2020,Sweden,0,0,1,0
2/18/2020,Sweden,0,0,1,0
2/19/2020,Sweden,0,0,1,0
2/20/2020,Sweden,0,0,1,0
2/21/2020,Sweden,0,0,1,0
2/22/2020,Sweden,0,0,1,0
2/23/2020,Sweden,0,0,1,0
2/24/2020,Sweden,0,0,1,0
2/25/2020,Sweden,0,0,1,0
2/26/2020,Sweden,0,0,1,0
2/27/2020,Sweden,1,0,2,0
2/28/2020,Sweden,5,0,7,0
2/29/2020,Sweden,5,0,12,0
3/1/2020,Sweden,1,0,13,0
3/2/2020,Sweden,1,0,14,0
3/3/2020,Sweden,1,0,15,0
3/4/2020,Sweden,9,0,24,0
3/5/2020,Sweden,11,0,35,0
3/6/2020,Sweden,26,0,61,0
3/7/2020,Sweden,76,0,137,0
3/8/2020,Sweden,24,0,161,0
3/9/2020,Sweden,42,0,203,0
3/10/2020,Sweden,45,0,248,0
3/11/2020,Sweden,78,0,326,0
3/12/2020,Sweden,135,0,461,0
3/13/2020,Sweden,159,0,620,0
3/14/2020,Sweden,155,0,775,0
3/15/2020,Sweden,149,0,924,0
3/16/2020,Sweden,68,0,992,3
3/17/2020,Sweden,67,0,1059,3
2/26/2020,Switzerland,0,0,1,0
2/27/2020,Switzerland,0,0,1,0
2/28/2020,Switzerland,5,0,6,0
2/29/2020,Switzerland,4,0,10,0
3/1/2020,Switzerland,8,0,18,0
3/2/2020,Switzerland,6,0,24,0
3/3/2020,Switzerland,6,0,30,0
3/4/2020,Switzerland,7,0,37,0
3/5/2020,Switzerland,19,0,56,0
3/6/2020,Switzerland,30,0,86,1
3/7/2020,Switzerland,123,0,209,1
3/8/2020,Switzerland,55,1,264,2
3/9/2020,Switzerland,68,0,332,2
3/10/2020,Switzerland,0,0,332,2
3/11/2020,Switzerland,159,1,491,3
3/12/2020,Switzerland,154,1,645,4
3/13/2020,Switzerland,213,2,858,6
3/14/2020,Switzerland,267,0,1125,6
3/15/2020,Switzerland,234,5,1359,11
3/16/2020,Switzerland,841,2,2200,13
3/17/2020,Switzerland,0,1,2200,14
1/21/2020,Thailand,0,0,2,0
1/22/2020,Thailand,0,0,2,0
1/23/2020,Thailand,2,0,4,0
1/24/2020,Thailand,0,0,4,0
1/25/2020,Thailand,0,0,4,0
1/26/2020,Thailand,1,0,5,0
1/27/2020,Thailand,0,0,5,0
1/28/2020,Thailand,9,0,14,0
1/29/2020,Thailand,0,0,14,0
1/30/2020,Thailand,0,0,14,0
1/31/2020,Thailand,0,0,14,0
2/1/2020,Thailand,5,0,19,0
2/2/2020,Thailand,0,0,19,0
2/3/2020,Thailand,0,0,19,0
2/4/2020,Thailand,0,0,19,0
2/5/2020,Thailand,6,0,25,0
2/6/2020,Thailand,0,0,25,0
2/7/2020,Thailand,0,0,25,0
2/8/2020,Thailand,7,0,32,0
2/9/2020,Thailand,0,0,32,0
2/10/2020,Thailand,0,0,32,0
2/11/2020,Thailand,1,0,33,0
2/12/2020,Thailand,0,0,33,0
2/13/2020,Thailand,0,0,33,0
2/14/2020,Thailand,0,0,33,0
2/15/2020,Thailand,1,0,34,0
2/16/2020,Thailand,0,0,34,0
2/17/2020,Thailand,1,0,35,0
2/18/2020,Thailand,0,0,35,0
2/19/2020,Thailand,0,0,35,0
2/20/2020,Thailand,0,0,35,0
2/21/2020,Thailand,0,0,35,0
2/22/2020,Thailand,0,0,35,0
2/23/2020,Thailand,0,0,35,0
2/24/2020,Thailand,0,0,35,0
2/25/2020,Thailand,2,0,37,0
2/26/2020,Thailand,3,0,40,0
2/27/2020,Thailand,0,0,40,0
2/28/2020,Thailand,0,0,40,0
2/29/2020,Thailand,2,0,42,0
3/1/2020,Thailand,0,0,42,0
3/2/2020,Thailand,0,0,42,1
3/3/2020,Thailand,1,0,43,1
3/4/2020,Thailand,0,0,43,1
3/5/2020,Thailand,4,0,47,1
3/6/2020,Thailand,0,0,47,1
3/7/2020,Thailand,1,0,48,1
3/8/2020,Thailand,2,0,50,1
3/9/2020,Thailand,0,0,50,1
3/10/2020,Thailand,3,0,53,1
3/11/2020,Thailand,6,0,59,1
3/12/2020,Thailand,11,0,70,1
3/13/2020,Thailand,5,0,75,1
3/14/2020,Thailand,0,0,75,1
3/15/2020,Thailand,0,0,75,1
3/16/2020,Thailand,39,0,114,1
3/17/2020,Thailand,33,0,147,1
2/1/2020,United Kingdom,0,0,2,0
2/2/2020,United Kingdom,0,0,2,0
2/3/2020,United Kingdom,0,0,2,0
2/4/2020,United Kingdom,0,0,2,0
2/5/2020,United Kingdom,0,0,2,0
2/6/2020,United Kingdom,0,0,2,0
2/7/2020,United Kingdom,1,0,3,0
2/8/2020,United Kingdom,0,0,3,0
2/9/2020,United Kingdom,0,0,3,0
2/10/2020,United Kingdom,1,0,4,0
2/11/2020,United Kingdom,4,0,8,0
2/12/2020,United Kingdom,0,0,8,0
2/13/2020,United Kingdom,1,0,9,0
2/14/2020,United Kingdom,0,0,9,0
2/15/2020,United Kingdom,0,0,9,0
2/16/2020,United Kingdom,0,0,9,0
2/17/2020,United Kingdom,0,0,9,0
2/18/2020,United Kingdom,0,0,9,0
2/19/2020,United Kingdom,0,0,9,0
2/20/2020,United Kingdom,0,0,9,0
2/21/2020,United Kingdom,0,0,9,0
2/22/2020,United Kingdom,0,0,9,0
2/23/2020,United Kingdom,0,0,9,0
2/24/2020,United Kingdom,0,0,9,0
2/25/2020,United Kingdom,4,0,13,0
2/26/2020,United Kingdom,0,0,13,0
2/27/2020,United Kingdom,0,0,13,0
2/28/2020,United Kingdom,3,0,16,0
2/29/2020,United Kingdom,4,0,20,0
3/1/2020,United Kingdom,3,0,23,0
3/2/2020,United Kingdom,13,0,36,0
3/3/2020,United Kingdom,3,0,39,0
3/4/2020,United Kingdom,12,0,51,0
3/5/2020,United Kingdom,38,0,89,0
3/6/2020,United Kingdom,29,0,118,0
3/7/2020,United Kingdom,49,0,167,1
3/8/2020,United Kingdom,43,1,210,2
3/9/2020,United Kingdom,67,0,277,2
3/10/2020,United Kingdom,46,1,323,3
3/11/2020,United Kingdom,50,3,373,6
3/12/2020,United Kingdom,87,0,460,6
3/13/2020,United Kingdom,134,2,594,8
3/14/2020,United Kingdom,208,2,802,10
3/15/2020,United Kingdom,342,11,1144,21
3/16/2020,United Kingdom,251,14,1395,35
3/17/2020,United Kingdom,152,20,1547,55
3/7/2020,Togo,0,0,1,0
3/8/2020,Togo,0,0,1,0
3/9/2020,Togo,0,0,1,0
3/10/2020,Togo,0,0,1,0
3/11/2020,Togo,0,0,1,0
3/12/2020,Togo,0,0,1,0
3/13/2020,Togo,0,0,1,0
3/14/2020,Togo,0,0,1,0
3/15/2020,Togo,0,0,1,0
3/16/2020,Togo,0,0,1,0
3/17/2020,Togo,0,0,1,0
3/14/2020,Trinidad and Tobago,0,0,1,0
3/15/2020,Trinidad and Tobago,0,0,1,0
3/16/2020,Trinidad and Tobago,1,0,2,0
3/17/2020,Trinidad and Tobago,3,0,5,0
3/3/2020,Tunisia,0,0,1,0
3/4/2020,Tunisia,0,0,1,0
3/5/2020,Tunisia,0,0,1,0
3/6/2020,Tunisia,0,0,1,0
3/7/2020,Tunisia,0,0,1,0
3/8/2020,Tunisia,0,0,1,0
3/9/2020,Tunisia,1,0,2,0
3/10/2020,Tunisia,0,0,2,0
3/11/2020,Tunisia,4,0,6,0
3/12/2020,Tunisia,0,0,6,0
3/13/2020,Tunisia,1,0,7,0
3/14/2020,Tunisia,9,0,16,0
3/15/2020,Tunisia,0,0,16,0
3/16/2020,Tunisia,2,0,18,0
3/17/2020,Tunisia,2,0,20,0
3/12/2020,Turkey,0,0,1,0
3/13/2020,Turkey,0,0,1,0
3/14/2020,Turkey,4,0,5,0
3/15/2020,Turkey,0,0,5,0
3/16/2020,Turkey,0,0,5,0
3/17/2020,Turkey,42,0,47,0
3/4/2020,Ukraine,0,0,1,0
3/5/2020,Ukraine,0,0,1,0
3/6/2020,Ukraine,0,0,1,0
3/7/2020,Ukraine,0,0,1,0
3/8/2020,Ukraine,0,0,1,0
3/9/2020,Ukraine,0,0,1,0
3/10/2020,Ukraine,0,0,1,0
3/11/2020,Ukraine,0,0,1,0
3/12/2020,Ukraine,0,0,1,0
3/13/2020,Ukraine,2,0,3,0
3/14/2020,Ukraine,0,0,3,1
3/15/2020,Ukraine,0,0,3,1
3/16/2020,Ukraine,0,0,3,1
3/17/2020,Ukraine,4,0,7,1
1/29/2020,United Arab Emirates,0,0,4,0
1/30/2020,United Arab Emirates,0,0,4,0
1/31/2020,United Arab Emirates,0,0,4,0
2/1/2020,United Arab Emirates,0,0,4,0
2/2/2020,United Arab Emirates,1,0,5,0
2/3/2020,United Arab Emirates,0,0,5,0
2/4/2020,United Arab Emirates,0,0,5,0
2/5/2020,United Arab Emirates,0,0,5,0
2/6/2020,United Arab Emirates,0,0,5,0
2/7/2020,United Arab Emirates,0,0,5,0
2/8/2020,United Arab Emirates,2,0,7,0
2/9/2020,United Arab Emirates,0,0,7,0
2/10/2020,United Arab Emirates,0,0,7,0
2/11/2020,United Arab Emirates,1,0,8,0
2/12/2020,United Arab Emirates,0,0,8,0
2/13/2020,United Arab Emirates,0,0,8,0
2/14/2020,United Arab Emirates,0,0,8,0
2/15/2020,United Arab Emirates,0,0,8,0
2/16/2020,United Arab Emirates,0,0,8,0
2/17/2020,United Arab Emirates,1,0,9,0
2/18/2020,United Arab Emirates,0,0,9,0
2/19/2020,United Arab Emirates,0,0,9,0
2/20/2020,United Arab Emirates,0,0,9,0
2/21/2020,United Arab Emirates,0,0,9,0
2/22/2020,United Arab Emirates,2,0,11,0
2/23/2020,United Arab Emirates,2,0,13,0
2/24/2020,United Arab Emirates,0,0,13,0
2/25/2020,United Arab Emirates,0,0,13,0
2/26/2020,United Arab Emirates,0,0,13,0
2/27/2020,United Arab Emirates,0,0,13,0
2/28/2020,United Arab Emirates,6,0,19,0
2/29/2020,United Arab Emirates,0,0,19,0
3/1/2020,United Arab Emirates,0,0,19,0
3/2/2020,United Arab Emirates,2,0,21,0
3/3/2020,United Arab Emirates,0,0,21,0
3/4/2020,United Arab Emirates,6,0,27,0
3/5/2020,United Arab Emirates,0,0,27,0
3/6/2020,United Arab Emirates,0,0,27,0
3/7/2020,United Arab Emirates,18,0,45,0
3/8/2020,United Arab Emirates,0,0,45,0
3/9/2020,United Arab Emirates,0,0,45,0
3/10/2020,United Arab Emirates,14,0,59,0
3/11/2020,United Arab Emirates,15,0,74,0
3/12/2020,United Arab Emirates,0,0,74,0
3/13/2020,United Arab Emirates,11,0,85,0
3/14/2020,United Arab Emirates,0,0,85,0
3/15/2020,United Arab Emirates,0,0,85,0
3/16/2020,United Arab Emirates,13,0,98,0
3/17/2020,United Arab Emirates,0,0,98,0
3/17/2020,Tanzania,0,0,1,0
3/17/2020,United States Virgin Islands,0,0,2,0
1/23/2020,United States,0,0,1,0
1/24/2020,United States,0,0,1,0
1/25/2020,United States,1,0,2,0
1/26/2020,United States,0,0,2,0
1/27/2020,United States,3,0,5,0
1/28/2020,United States,0,0,5,0
1/29/2020,United States,0,0,5,0
1/30/2020,United States,0,0,5,0
1/31/2020,United States,1,0,6,0
2/1/2020,United States,1,0,7,0
2/2/2020,United States,1,0,8,0
2/3/2020,United States,3,0,11,0
2/4/2020,United States,0,0,11,0
2/5/2020,United States,0,0,11,0
2/6/2020,United States,1,0,12,0
2/7/2020,United States,0,0,12,0
2/8/2020,United States,0,0,12,0
2/9/2020,United States,0,0,12,0
2/10/2020,United States,0,0,12,0
2/11/2020,United States,1,0,13,0
2/12/2020,United States,0,0,13,0
2/13/2020,United States,1,0,14,0
2/14/2020,United States,1,0,15,0
2/15/2020,United States,0,0,15,0
2/16/2020,United States,0,0,15,0
2/17/2020,United States,0,0,15,0
2/18/2020,United States,0,0,15,0
2/19/2020,United States,0,0,15,0
2/20/2020,United States,0,0,15,0
2/21/2020,United States,0,0,15,0
2/22/2020,United States,20,0,35,0
2/23/2020,United States,0,0,35,0
2/24/2020,United States,0,0,35,0
2/25/2020,United States,18,0,53,0
2/26/2020,United States,0,0,53,0
2/27/2020,United States,6,0,59,0
2/28/2020,United States,0,0,59,0
2/29/2020,United States,3,0,62,0
3/1/2020,United States,0,0,62,0
3/2/2020,United States,0,0,62,0
3/3/2020,United States,2,0,64,2
3/4/2020,United States,44,4,108,6
3/5/2020,United States,21,3,129,9
3/6/2020,United States,19,1,148,10
3/7/2020,United States,65,1,213,11
3/8/2020,United States,0,0,213,11
3/9/2020,United States,0,0,213,11
3/10/2020,United States,259,8,472,19
3/11/2020,United States,224,6,696,25
3/12/2020,United States,291,4,987,29
3/13/2020,United States,277,7,1264,36
3/14/2020,United States,414,5,1678,41
3/15/2020,United States,0,0,1678,41
3/16/2020,United States,0,0,1678,41
3/17/2020,United States,1825,17,3503,58
3/16/2020,Uruguay,0,0,4,0
3/17/2020,Uruguay,2,0,6,0
3/16/2020,Uzbekistan,0,0,4,0
3/17/2020,Uzbekistan,0,0,4,0
3/14/2020,Venezuela,0,0,2,0
3/15/2020,Venezuela,0,0,2,0
3/16/2020,Venezuela,0,0,2,0
3/17/2020,Venezuela,31,0,33,0
1/24/2020,Vietnam,0,0,2,0
1/25/2020,Vietnam,0,0,2,0
1/26/2020,Vietnam,0,0,2,0
1/27/2020,Vietnam,0,0,2,0
1/28/2020,Vietnam,0,0,2,0
1/29/2020,Vietnam,0,0,2,0
1/30/2020,Vietnam,0,0,2,0
1/31/2020,Vietnam,3,0,5,0
2/1/2020,Vietnam,1,0,6,0
2/2/2020,Vietnam,1,0,7,0
2/3/2020,Vietnam,1,0,8,0
2/4/2020,Vietnam,1,0,9,0
2/5/2020,Vietnam,1,0,10,0
2/6/2020,Vietnam,0,0,10,0
2/7/2020,Vietnam,2,0,12,0
2/8/2020,Vietnam,1,0,13,0
2/9/2020,Vietnam,1,0,14,0
2/10/2020,Vietnam,0,0,14,0
2/11/2020,Vietnam,1,0,15,0
2/12/2020,Vietnam,0,0,15,0
2/13/2020,Vietnam,1,0,16,0
2/14/2020,Vietnam,0,0,16,0
2/15/2020,Vietnam,0,0,16,0
2/16/2020,Vietnam,0,0,16,0
2/17/2020,Vietnam,0,0,16,0
2/18/2020,Vietnam,0,0,16,0
2/19/2020,Vietnam,0,0,16,0
2/20/2020,Vietnam,0,0,16,0
2/21/2020,Vietnam,0,0,16,0
2/22/2020,Vietnam,0,0,16,0
2/23/2020,Vietnam,0,0,16,0
2/24/2020,Vietnam,0,0,16,0
2/25/2020,Vietnam,0,0,16,0
2/26/2020,Vietnam,0,0,16,0
2/27/2020,Vietnam,0,0,16,0
2/28/2020,Vietnam,0,0,16,0
2/29/2020,Vietnam,0,0,16,0
3/1/2020,Vietnam,0,0,16,0
3/2/2020,Vietnam,0,0,16,0
3/3/2020,Vietnam,0,0,16,0
3/4/2020,Vietnam,0,0,16,0
3/5/2020,Vietnam,0,0,16,0
3/6/2020,Vietnam,0,0,16,0
3/7/2020,Vietnam,1,0,17,0
3/8/2020,Vietnam,4,0,21,0
3/9/2020,Vietnam,9,0,30,0
3/10/2020,Vietnam,1,0,31,0
3/11/2020,Vietnam,4,0,35,0
3/12/2020,Vietnam,4,0,39,0
3/13/2020,Vietnam,0,0,39,0
3/14/2020,Vietnam,9,0,48,0
3/15/2020,Vietnam,5,0,53,0
3/16/2020,Vietnam,4,0,57,0
3/17/2020,Vietnam,4,0,61,0
1/21/2020,World,0,0,282,6
1/22/2020,World,32,0,314,6
1/23/2020,World,266,11,581,17
1/24/2020,World,262,8,846,25
1/25/2020,World,467,16,1320,41
1/26/2020,World,691,15,2014,56
1/27/2020,World,783,24,2798,80
1/28/2020,World,1792,26,4593,106
1/29/2020,World,1468,26,6065,132
1/30/2020,World,1750,38,7818,170
1/31/2020,World,2006,43,9826,213
2/1/2020,World,2121,46,11953,259
2/2/2020,World,2604,45,14557,305
2/3/2020,World,2834,57,17391,362
2/4/2020,World,3239,64,20630,426
2/5/2020,World,3913,66,24544,492
2/6/2020,World,3712,73,28276,565
2/7/2020,World,3205,73,31481,638
2/8/2020,World,3405,86,34886,724
2/9/2020,World,2672,89,37558,813
2/10/2020,World,2996,97,40554,910
2/11/2020,World,2549,108,43103,1018
2/12/2020,World,2068,97,45171,1115
2/13/2020,World,1826,254,46997,1369
2/14/2020,World,2056,13,49053,1383
2/15/2020,World,1526,143,50580,1526
2/16/2020,World,1277,142,51857,1669
2/17/2020,World,19572,106,71429,1775
2/18/2020,World,1903,98,73332,1873
2/19/2020,World,1872,136,75204,2009
2/20/2020,World,542,115,75748,2129
2/21/2020,World,1021,118,76769,2247
2/22/2020,World,1023,112,77794,2359
2/23/2020,World,1017,102,78811,2463
2/24/2020,World,517,155,79331,2618
2/25/2020,World,896,82,80239,2700
2/26/2020,World,864,62,81109,2762
2/27/2020,World,1175,42,82294,2804
2/28/2020,World,1353,54,83652,2858
2/29/2020,World,1748,66,85403,2924
3/1/2020,World,1727,53,87137,2977
3/2/2020,World,1801,64,88948,3043
3/3/2020,World,1912,67,90869,3112
3/4/2020,World,2217,86,93090,3198
3/5/2020,World,2220,79,95324,3280
3/6/2020,World,2864,99,98192,3380
3/7/2020,World,3730,104,101927,3486
3/8/2020,World,3644,96,105592,3584
3/9/2020,World,3979,224,109577,3809
3/10/2020,World,4119,201,113702,4012
3/11/2020,World,4611,275,118319,4292
3/12/2020,World,6936,317,125260,4613
3/13/2020,World,7488,338,132758,4956
3/14/2020,World,9761,433,142534,5392
3/15/2020,World,10967,343,153517,5735
3/16/2020,World,13971,855,167506,6606
3/17/2020,World,11594,819,179112,7426
